date,daily_sentiment_score,news_count
2011-06-22,-0.080654345,1
2012-02-01,-0.7802189,1
2012-03-22,-0.8609733,1
2012-08-22,-0.8496142,1
2012-09-07,-0.54607344,2
2012-10-29,-0.907006,1
2012-11-30,-0.79301083,1
2012-12-09,-0.55179656,1
2013-01-29,-0.70638806,1
2013-02-21,-0.87547123,1
2013-02-27,-0.8778883,1
2013-03-11,-0.5986295,1
2013-03-22,-0.70349675,1
2013-03-28,-0.02915281,2
2013-03-29,-0.2631574,1
2013-04-01,-0.24709897,3
2013-04-02,-0.8547897,6
2013-04-03,-0.74580115,8
2013-04-04,-0.5340362,3
2013-04-08,-0.83296186,6
2013-04-09,-0.71068996,8
2013-04-10,-0.42283812,15
2013-04-11,-0.45161155,28
2013-04-12,-0.38388705,16
2013-04-13,0.92012596,1
2013-04-14,-0.5570642,1
2013-04-15,-0.55633634,3
2013-04-16,-0.8838639,1
2013-04-17,-0.48502374,3
2013-04-19,-0.8978633,1
2013-04-23,-0.7954321,1
2013-04-25,-0.508132,2
2013-04-26,-0.4938242,2
2013-04-29,-0.80915445,3
2013-04-30,-0.7805169,3
2013-05-01,-0.67966765,3
2013-05-02,-0.9015616,1
2013-05-03,-0.35713208,3
2013-05-04,-0.85106003,1
2013-05-06,-0.8838639,1
2013-05-07,0.68590736,1
2013-05-08,-0.6773975,1
2013-05-09,-0.7873653,1
2013-05-10,-0.63904035,1
2013-05-13,-0.87284935,2
2013-05-15,-0.8743356,1
2013-05-17,-0.76852214,1
2013-05-19,-0.9030859,1
2013-05-20,-0.89928067,1
2013-05-22,-0.83955044,1
2013-05-29,-0.70258474,3
2013-05-30,-0.8838639,1
2013-06-03,-0.73535246,1
2013-06-04,-0.9201712,1
2013-06-10,-0.9023641,1
2013-06-13,-0.43856663,1
2013-06-22,-0.8736533,1
2013-06-24,-0.3274092,1
2013-06-27,-0.6784164,1
2013-06-28,-0.62736285,5
2013-07-02,-0.7761856,6
2013-07-07,-0.85660744,1
2013-07-08,-0.8259057,1
2013-07-09,-0.8246324,1
2013-07-11,0.18889695,1
2013-07-15,-0.79210156,1
2013-07-16,-0.7980438,1
2013-07-17,-0.684608,1
2013-07-22,-0.8427573,1
2013-07-23,-0.14783126,1
2013-07-29,-0.8972685,1
2013-07-30,-0.7532202,2
2013-08-01,0.4890987,1
2013-08-05,-0.8651955,1
2013-08-12,-0.8665636,1
2013-08-15,-0.688514,2
2013-08-16,-0.06420973,1
2013-08-28,-0.91240245,2
2013-09-04,-0.78152937,1
2013-09-05,-0.7003793,1
2013-09-10,-0.826929,2
2013-09-11,-0.76404047,1
2013-09-12,-0.5160015,3
2013-09-13,-0.9227956,1
2013-09-16,-0.8272989,1
2013-09-17,-0.39984408,1
2013-09-19,-0.76985055,3
2013-09-20,-0.6540825,4
2013-09-25,-0.87938786,2
2013-09-26,-0.8194995,2
2013-09-27,-0.826301,2
2013-09-28,0.11112389,1
2013-10-01,0.8271214,1
2013-10-02,-0.4400678,9
2013-10-03,-0.48911166,7
2013-10-07,-0.20786664,2
2013-10-09,-0.77467453,1
2013-10-10,-0.38493487,1
2013-10-13,-0.8396673,1
2013-10-15,-0.71472263,3
2013-10-16,-0.39706433,1
2013-10-17,-0.76639974,2
2013-10-21,-0.83170784,2
2013-10-22,-0.90673715,1
2013-10-23,-0.3964891,1
2013-10-24,5.927682e-05,2
2013-10-26,-0.70595574,1
2013-10-28,-0.87200266,1
2013-10-29,-0.3317197,4
2013-10-30,0.15841061,1
2013-10-31,-0.88351303,1
2013-11-01,-0.8737586,1
2013-11-03,0.42587107,4
2013-11-04,-0.9109467,1
2013-11-05,-0.5612242,3
2013-11-06,-0.3096427,3
2013-11-07,-0.362202,8
2013-11-08,-0.33910677,2
2013-11-10,-0.8977275,2
2013-11-12,-0.7477994,6
2013-11-13,-0.5271595,4
2013-11-14,-0.90711987,1
2013-11-15,-0.75842255,3
2013-11-16,-0.13852705,1
2013-11-17,-0.11826064,1
2013-11-18,-0.29546657,8
2013-11-19,-0.67602897,9
2013-11-20,-0.52915144,10
2013-11-21,-0.63266575,10
2013-11-22,-0.66961074,5
2013-11-23,-0.6859506,1
2013-11-24,0.9020629,1
2013-11-25,-0.82931733,8
2013-11-26,-0.702552,2
2013-11-27,-0.51233566,13
2013-11-28,-0.70402956,4
2013-11-29,-0.59214276,8
2013-12-01,-0.8112361,3
2013-12-02,-0.6136757,8
2013-12-03,-0.49776593,5
2013-12-04,-0.18645664,18
2013-12-05,-0.38065818,26
2013-12-06,-0.65966815,8
2013-12-08,-0.32612878,2
2013-12-09,-0.8838639,1
2013-12-10,-0.7168459,12
2013-12-11,-0.3500129,16
2013-12-12,-0.38933447,2
2013-12-13,-0.4857954,8
2013-12-14,-0.74166256,4
2013-12-15,-0.77819633,2
2013-12-16,-0.64940643,4
2013-12-17,-0.5253972,15
2013-12-18,-0.39340693,18
2013-12-19,-0.77523166,3
2013-12-20,-0.85189927,2
2013-12-21,-0.14747843,1
2013-12-22,-0.8752892,2
2013-12-23,-0.44812956,6
2013-12-24,-0.5818191,4
2013-12-26,-0.4887283,4
2013-12-27,-0.6700252,5
2013-12-30,-0.73260224,7
2013-12-31,-0.8051263,4
2014-01-02,-0.5479242,4
2014-01-05,-0.76829046,2
2014-01-06,-0.38985613,3
2014-01-07,-0.8784774,2
2014-01-08,-0.68185174,8
2014-01-09,0.097409904,2
2014-01-10,-0.51729935,6
2014-01-11,-0.06548378,2
2014-01-12,-0.86225253,2
2014-01-13,-0.556204,12
2014-01-14,-0.8276784,9
2014-01-15,-0.70355827,2
2014-01-16,-0.7227326,1
2014-01-17,-0.8041068,6
2014-01-18,-0.86483437,2
2014-01-19,-0.4172044,3
2014-01-20,-0.3269045,4
2014-01-21,-0.7467758,7
2014-01-22,0.11275153,4
2014-01-23,0.22546905,3
2014-01-24,-0.6122677,7
2014-01-27,-0.5892499,13
2014-01-28,-0.39243174,6
2014-01-29,-0.5892714,6
2014-01-30,-0.74713105,5
2014-01-31,-0.7538237,3
2014-02-01,-0.7379248,1
2014-02-02,-0.7939153,1
2014-02-03,-0.2599083,2
2014-02-04,-0.65054584,4
2014-02-05,-0.11705377,3
2014-02-06,-0.851173,3
2014-02-07,-0.24647689,8
2014-02-08,-0.8779628,1
2014-02-09,-0.43405592,4
2014-02-10,-0.46506414,11
2014-02-11,-0.46363783,8
2014-02-12,-0.22950302,14
2014-02-13,-0.35798758,5
2014-02-14,-0.24624321,7
2014-02-16,-0.8204992,2
2014-02-17,-0.7404329,7
2014-02-18,-0.3900095,5
2014-02-19,-0.8421371,6
2014-02-20,-0.55918014,10
2014-02-21,-0.7626929,1
2014-02-24,-0.65279895,15
2014-02-25,-0.52151406,21
2014-02-26,-0.3514257,19
2014-02-27,-0.65162134,9
2014-02-28,-0.33453402,16
2014-03-01,-0.15464443,2
2014-03-02,-0.87807965,1
2014-03-03,-0.4435037,6
2014-03-04,-0.63142127,11
2014-03-05,-0.59386486,16
2014-03-06,-0.48316112,9
2014-03-07,-0.6890263,16
2014-03-08,-0.46019617,3
2014-03-10,-0.7974976,3
2014-03-11,-0.697141,6
2014-03-12,-0.07482055,2
2014-03-13,-0.88206273,3
2014-03-14,-0.38435173,5
2014-03-17,-0.8442746,6
2014-03-18,-0.19720742,4
2014-03-19,-0.8118523,6
2014-03-20,-0.3067988,7
2014-03-21,-0.55188644,13
2014-03-23,-0.11324668,1
2014-03-25,-0.7720218,4
2014-03-26,-0.3984638,10
2014-03-27,-0.61217535,5
2014-03-31,-0.22525978,5
2014-04-01,-0.7016102,13
2014-04-02,-0.65364736,6
2014-04-03,-0.49006677,6
2014-04-04,-0.53260374,5
2014-04-07,-0.6585094,9
2014-04-08,-0.732616,7
2014-04-09,-0.722983,5
2014-04-10,-0.2787071,4
2014-04-11,-0.7495653,4
2014-04-14,-0.6496477,7
2014-04-15,-0.7791399,8
2014-04-16,-0.31789705,8
2014-04-17,-0.26501063,12
2014-04-18,-0.27497998,2
2014-04-19,-0.6541868,1
2014-04-20,-0.84677935,2
2014-04-21,-0.8269923,6
2014-04-22,-0.5788233,9
2014-04-23,-0.8648782,5
2014-04-24,-0.5294249,2
2014-04-25,-0.89074546,2
2014-04-28,-0.47180924,3
2014-04-29,-0.25232905,5
2014-04-30,-0.76546663,4
2014-05-01,-0.7211974,4
2014-05-03,-0.8686821,1
2014-05-04,-0.08060548,1
2014-05-05,-0.71949905,4
2014-05-06,-0.7715783,6
2014-05-07,-0.25316858,2
2014-05-08,-0.59370005,4
2014-05-09,-0.7839654,5
2014-05-12,-0.39570826,2
2014-05-13,-0.03435746,2
2014-05-14,-0.8211756,5
2014-05-15,0.0018648356,2
2014-05-16,-0.49948993,13
2014-05-17,-0.023650479,1
2014-05-21,-0.88276213,3
2014-05-22,-0.89424706,3
2014-05-23,-0.76104945,2
2014-05-26,-0.51116824,1
2014-05-28,-0.67937493,2
2014-05-29,-0.77754515,5
2014-05-30,-0.25984004,6
2014-06-01,-0.7549314,1
2014-06-02,-0.8938389,3
2014-06-03,-0.32218963,10
2014-06-04,-0.4870163,12
2014-06-05,-0.4416283,2
2014-06-06,-0.17910947,3
2014-06-09,-0.82250607,2
2014-06-10,-0.5550454,6
2014-06-11,-0.21581842,7
2014-06-12,-0.20435134,7
2014-06-13,-0.7870227,5
2014-06-14,-0.716576,1
2014-06-16,-0.7457396,5
2014-06-17,-0.39335942,3
2014-06-18,-0.3017194,2
2014-06-19,-0.8626575,1
2014-06-20,-0.9047876,2
2014-06-21,-0.501076,2
2014-06-23,-0.80224115,4
2014-06-24,-0.4438118,2
2014-06-25,-0.39526415,8
2014-06-26,-0.85346025,3
2014-06-27,-0.61391914,5
2014-06-28,-0.5984082,2
2014-06-30,-0.56961304,3
2014-07-01,-0.48453268,7
2014-07-02,-0.3154713,11
2014-07-03,-0.7943868,3
2014-07-04,-0.68472874,2
2014-07-05,-0.86643636,1
2014-07-07,-0.19537927,3
2014-07-08,-0.47216046,2
2014-07-09,-0.3979899,7
2014-07-10,-0.78876114,2
2014-07-11,-0.52138376,4
2014-07-14,0.813529,1
2014-07-15,-0.7805411,4
2014-07-16,-0.41352135,4
2014-07-18,-0.8665973,2
2014-07-21,-0.742054,3
2014-07-23,-0.67040575,1
2014-07-24,-0.90805703,1
2014-07-25,-0.65150905,5
2014-07-28,-0.5549006,4
2014-07-29,-0.82997525,2
2014-07-30,-0.8945248,1
2014-08-01,0.28476998,1
2014-08-05,-0.4167927,4
2014-08-06,-0.8726415,1
2014-08-07,-0.85619766,1
2014-08-08,-0.8628628,2
2014-08-11,-0.5530714,4
2014-08-12,-0.38282016,6
2014-08-13,0.01930065,5
2014-08-14,-0.6282525,6
2014-08-15,-0.78922784,1
2014-08-17,-0.053450376,1
2014-08-18,-0.7223232,3
2014-08-19,-0.1667087,4
2014-08-20,-0.016892374,4
2014-08-21,-0.79317236,6
2014-08-22,-0.591559,2
2014-08-26,-0.48181158,4
2014-08-27,-0.24600941,1
2014-08-28,0.693933,3
2014-08-29,-0.70243824,1
2014-08-30,-0.4559867,3
2014-08-31,-0.6788078,1
2014-09-01,-0.44342333,4
2014-09-02,-0.86101735,2
2014-09-03,-0.88225645,2
2014-09-04,-0.66187483,2
2014-09-05,-0.43559518,3
2014-09-06,-0.027238667,2
2014-09-08,-0.38516575,2
2014-09-09,-0.07844055,4
2014-09-10,-0.6000961,5
2014-09-11,-0.25358796,4
2014-09-12,-0.8940724,4
2014-09-15,0.8731129,1
2014-09-16,0.7505545,1
2014-09-17,-0.09837463,3
2014-09-18,-0.65421015,3
2014-09-19,0.017013818,4
2014-09-22,-0.79542255,2
2014-09-23,-0.43890733,5
2014-09-24,-0.49872038,7
2014-09-25,0.31878597,2
2014-09-26,-0.7259707,6
2014-09-27,0.28487313,1
2014-09-29,0.0485256,2
2014-09-30,-0.6368508,1
2014-10-01,-0.8759487,1
2014-10-02,-0.618526,2
2014-10-03,-0.2709138,3
2014-10-06,-0.38510904,3
2014-10-07,-0.4405175,5
2014-10-08,-0.5047875,4
2014-10-09,-0.91160816,1
2014-10-10,0.104429305,2
2014-10-12,-0.9108952,1
2014-10-14,-0.7580353,5
2014-10-15,-0.775326,4
2014-10-16,-0.85466284,1
2014-10-17,-0.8608116,1
2014-10-20,-0.55485106,4
2014-10-21,-0.50524396,3
2014-10-22,-0.5995083,7
2014-10-23,-0.5748157,1
2014-10-24,-0.7889649,1
2014-10-27,-0.4853037,2
2014-10-28,-0.8093958,5
2014-10-29,-0.42704734,4
2014-10-30,-0.5537163,2
2014-11-04,-0.74992853,3
2014-11-05,-0.008382678,1
2014-11-06,-0.40825737,9
2014-11-07,-0.4817035,2
2014-11-08,-0.52120215,3
2014-11-10,-0.14325644,1
2014-11-11,-0.6220013,4
2014-11-12,-0.51913273,4
2014-11-13,-0.75530756,2
2014-11-14,-0.882431,1
2014-11-17,-0.7366951,3
2014-11-18,-0.8169712,2
2014-11-19,-0.70628667,2
2014-11-20,-0.39813882,4
2014-11-21,-0.8335843,2
2014-11-24,-0.8294986,1
2014-11-26,-0.4192406,2
2014-11-30,-0.77464896,1
2014-12-02,-0.25627437,4
2014-12-03,-0.61017567,2
2014-12-04,-0.8030471,4
2014-12-05,-0.4749716,5
2014-12-06,-0.6691536,1
2014-12-08,-0.2672973,6
2014-12-09,-0.43326795,3
2014-12-10,-0.1710221,3
2014-12-11,-0.6226236,3
2014-12-12,-0.90095913,1
2014-12-15,-0.2047599,2
2014-12-16,-0.19778018,3
2014-12-17,-0.35798836,4
2014-12-18,-0.6268021,1
2014-12-19,-0.4478654,4
2014-12-20,-0.913394,1
2014-12-21,-0.62817824,1
2014-12-22,-0.16581029,6
2014-12-23,-0.32679793,7
2014-12-24,-0.53737587,4
2014-12-26,-0.8742808,2
2014-12-29,-0.5402376,5
2014-12-30,-0.61521816,4
2014-12-31,-0.28171417,5
2015-01-02,-0.5256993,4
2015-01-03,-0.7580309,1
2015-01-04,0.40281832,1
2015-01-05,-0.72703934,11
2015-01-06,-0.3412351,7
2015-01-07,-0.7688302,5
2015-01-08,-0.46611673,4
2015-01-09,-0.8902398,6
2015-01-12,-0.56608725,2
2015-01-13,-0.79680985,3
2015-01-14,-0.31994644,5
2015-01-15,-0.57545775,5
2015-01-16,-0.46206778,4
2015-01-17,-0.84360564,1
2015-01-18,-0.028508075,1
2015-01-19,-0.3939209,2
2015-01-20,-0.21771672,9
2015-01-21,-0.7032068,6
2015-01-22,-0.3134346,6
2015-01-23,-0.7635184,9
2015-01-25,-0.9211598,1
2015-01-26,-0.58297014,5
2015-01-27,-0.48157895,3
2015-01-28,0.62333745,2
2015-01-29,-0.5577038,5
2015-01-30,-0.644113,3
2015-01-31,-0.5871145,3
2015-02-01,-0.8135574,2
2015-02-03,-0.7892277,2
2015-02-04,-0.68940204,4
2015-02-05,-0.5858008,6
2015-02-06,-0.13326083,3
2015-02-09,-0.11279434,3
2015-02-10,-0.14743525,9
2015-02-11,-0.41821164,5
2015-02-12,0.17205775,4
2015-02-13,-0.48233405,7
2015-02-14,-0.85051197,1
2015-02-16,-0.64009523,1
2015-02-17,0.23035465,2
2015-02-18,-0.21066387,3
2015-02-19,-0.60606223,5
2015-02-20,-0.43897986,3
2015-02-21,-0.78062147,1
2015-02-23,-0.14091448,3
2015-02-24,-0.6473574,3
2015-02-25,-0.53760463,4
2015-02-26,-0.5104691,5
2015-02-27,-0.72927713,3
2015-02-28,-0.73527914,1
2015-03-02,-0.46725225,9
2015-03-03,-0.7291,4
2015-03-04,-0.35286528,1
2015-03-05,-0.8693566,1
2015-03-06,-0.85187423,2
2015-03-09,-0.42570716,4
2015-03-10,0.36164218,2
2015-03-11,-0.45501494,5
2015-03-12,-0.53012705,3
2015-03-13,-0.11214715,4
2015-03-15,-0.9096121,1
2015-03-16,-0.53443545,6
2015-03-17,0.2272249,2
2015-03-18,-0.40355268,4
2015-03-19,0.0766289,3
2015-03-20,-0.34589472,2
2015-03-23,-0.76968986,5
2015-03-24,-0.69062805,3
2015-03-25,-0.15442483,5
2015-03-26,-0.16741464,4
2015-03-27,-0.6096746,5
2015-03-30,-0.4103948,4
2015-03-31,-0.11249926,6
2015-04-01,-0.13731264,3
2015-04-02,-0.4646569,2
2015-04-03,0.6705835,1
2015-04-06,0.03042881,3
2015-04-07,-0.52980673,4
2015-04-08,-0.81604296,2
2015-04-09,-0.21036696,2
2015-04-10,-0.83054125,2
2015-04-13,-0.78497267,2
2015-04-14,-0.495844,4
2015-04-15,-0.47386068,7
2015-04-16,-0.76204556,4
2015-04-17,-0.06399384,2
2015-04-20,-0.07697919,3
2015-04-22,-0.71604735,5
2015-04-23,-0.86512727,3
2015-04-24,-0.7510156,4
2015-04-27,-0.5056542,1
2015-04-28,-0.80451727,3
2015-04-29,-0.43785867,5
2015-04-30,-0.50808775,9
2015-05-01,-0.57745093,5
2015-05-03,-0.8263587,1
2015-05-04,-0.39410526,4
2015-05-05,-0.7009938,3
2015-05-06,-0.8772469,1
2015-05-07,-0.7808957,2
2015-05-08,-0.7340608,6
2015-05-10,-0.62370634,1
2015-05-11,-0.32930452,1
2015-05-12,-0.80681103,4
2015-05-13,-0.27294767,3
2015-05-14,-0.8727567,1
2015-05-15,-0.29590183,5
2015-05-18,-0.7999358,3
2015-05-19,-0.46777886,4
2015-05-20,0.40421003,2
2015-05-21,-0.45865417,3
2015-05-26,-0.39424056,2
2015-05-28,-0.09984023,3
2015-05-29,0.38095188,1
2015-06-01,-0.0030885935,1
2015-06-02,-0.7812681,1
2015-06-03,-0.90206945,5
2015-06-04,-0.6227109,5
2015-06-05,-0.5513909,2
2015-06-08,-0.752744,1
2015-06-09,-0.5278239,3
2015-06-10,0.047713637,2
2015-06-11,-0.8694542,1
2015-06-12,-0.4241364,3
2015-06-13,-0.05937854,1
2015-06-15,-0.67887384,3
2015-06-16,-0.33345932,7
2015-06-17,-0.5250944,4
2015-06-18,-0.64823043,5
2015-06-19,-0.47267717,4
2015-06-22,-0.21642393,1
2015-06-23,-0.8839413,2
2015-06-25,-0.43109807,4
2015-06-26,-0.43085408,3
2015-06-30,-0.5784483,5
2015-07-01,-0.78016406,2
2015-07-02,-0.5712402,2
2015-07-03,-0.6096825,3
2015-07-04,-0.21540403,1
2015-07-06,-0.40183392,5
2015-07-07,-0.08995436,2
2015-07-08,-0.86837614,2
2015-07-09,-0.37114945,3
2015-07-10,-0.39058542,6
2015-07-11,0.058066994,1
2015-07-14,-0.7771035,1
2015-07-15,-0.76404744,3
2015-07-16,-0.32447082,2
2015-07-17,-0.26701927,4
2015-07-20,-0.6737254,1
2015-07-21,-0.37449998,2
2015-07-22,-0.18057127,2
2015-07-23,-0.41642728,4
2015-07-24,-0.70293325,3
2015-07-27,-0.7199543,1
2015-07-28,-0.8325491,2
2015-07-29,-0.031044483,2
2015-07-30,0.20411852,4
2015-08-03,-0.87899023,1
2015-08-04,-0.5367464,2
2015-08-05,-0.8646738,1
2015-08-06,-0.8003676,1
2015-08-07,-0.32524532,5
2015-08-10,-0.8009491,1
2015-08-11,-0.8775423,1
2015-08-12,-0.4041293,1
2015-08-13,-0.37796003,1
2015-08-18,-0.30901545,2
2015-08-19,-0.26911065,2
2015-08-20,-0.48836008,3
2015-08-21,-0.7367961,4
2015-08-23,-0.87190205,1
2015-08-25,0.7354589,1
2015-08-26,-0.8021408,1
2015-08-27,-0.65404594,1
2015-08-28,-0.18405423,2
2015-08-31,-0.13189891,4
2015-09-01,-0.45879495,3
2015-09-02,-0.86677724,2
2015-09-04,-0.8379103,1
2015-09-08,-0.831264,1
2015-09-09,-0.33225808,4
2015-09-10,-0.6707456,3
2015-09-11,0.42621055,1
2015-09-14,-0.6846139,1
2015-09-15,-0.6102054,4
2015-09-16,-0.5289965,2
2015-09-17,-0.4055593,1
2015-09-18,-0.7716158,3
2015-09-20,-0.8924828,1
2015-09-21,0.19592707,2
2015-09-22,-0.41018957,2
2015-09-23,-0.8167045,3
2015-09-25,-0.69643384,3
2015-09-28,0.74409735,1
2015-09-29,-0.66889846,1
2015-09-30,0.84137785,1
2015-10-01,-0.30897713,2
2015-10-02,-0.7505888,2
2015-10-04,-0.027602907,2
2015-10-05,-0.6507547,4
2015-10-06,-0.88858074,1
2015-10-07,-0.6207638,2
2015-10-08,-0.8435208,1
2015-10-09,-0.9157959,1
2015-10-12,0.22474629,1
2015-10-13,-0.85655016,1
2015-10-15,-0.2224608,2
2015-10-16,-0.70143265,2
2015-10-21,-0.3884199,2
2015-10-22,-0.26474345,2
2015-10-26,-0.8622713,1
2015-10-27,-0.7275374,3
2015-10-28,0.016440654,6
2015-10-30,0.14018974,2
2015-10-31,-0.75836855,1
2015-11-01,-0.568309,1
2015-11-02,0.4110716,2
2015-11-03,-0.23439924,3
2015-11-04,-0.34674022,3
2015-11-05,-0.7660602,5
2015-11-06,0.5013118,1
2015-11-08,-0.73792464,1
2015-11-09,-0.028977692,3
2015-11-10,0.298118,1
2015-11-13,-0.597595,4
2015-11-16,-0.1150887,3
2015-11-19,-0.4251883,2
2015-11-20,-0.08009883,1
2015-11-24,-0.45148608,3
2015-11-25,-0.74015504,1
2015-11-27,-0.6913903,1
2015-11-30,-0.7775652,3
2015-12-01,-0.70023847,4
2015-12-02,0.8987983,1
2015-12-03,-0.80034256,2
2015-12-04,-0.7016725,1
2015-12-07,-0.7685988,1
2015-12-08,-0.7709833,3
2015-12-09,0.07645595,2
2015-12-11,-0.8000112,3
2015-12-12,-0.7227561,1
2015-12-14,-0.87000906,1
2015-12-16,-0.7424036,2
2015-12-17,-0.8772967,1
2015-12-18,-0.8273242,2
2015-12-23,0.08863309,2
2015-12-24,-0.8760809,2
2015-12-29,-0.22429198,3
2015-12-31,-0.8549303,2
2016-01-04,0.065329656,2
2016-01-06,0.0039362013,2
2016-01-07,-0.7969711,2
2016-01-08,-0.7698242,3
2016-01-14,-0.51108736,3
2016-01-15,-0.04605176,2
2016-01-18,-0.866332,2
2016-01-19,-0.6790257,3
2016-01-20,0.5169896,1
2016-01-21,-0.66875017,2
2016-01-22,-0.6383517,1
2016-01-26,-0.1095133,2
2016-01-27,-0.44744942,1
2016-01-28,0.051408727,3
2016-01-29,-0.109034784,3
2016-01-31,-0.82581484,2
2016-02-01,-0.833452,2
2016-02-02,-0.8578126,3
2016-02-03,-0.7009295,1
2016-02-04,-0.45679632,2
2016-02-10,-0.8128964,1
2016-02-16,-0.68312806,3
2016-02-17,-0.7632466,4
2016-02-18,-0.8505773,1
2016-02-21,-0.66581815,1
2016-02-22,0.71298283,1
2016-02-23,-0.7686864,1
2016-02-24,0.6174945,1
2016-02-25,-0.21375087,2
2016-02-26,-0.31297055,2
2016-02-27,-0.31591046,2
2016-02-29,-0.8999044,1
2016-03-02,-0.6981238,2
2016-03-03,-0.73007363,2
2016-03-04,-0.472138,4
2016-03-09,-0.754697,1
2016-03-10,-0.9016163,1
2016-03-11,0.47629774,1
2016-03-14,-0.48135057,5
2016-03-15,-0.713276,2
2016-03-18,0.13601395,4
2016-03-22,-0.8707309,1
2016-03-23,-0.11194638,3
2016-03-24,-0.41581404,2
2016-03-28,-0.09251326,2
2016-04-01,-0.89768547,1
2016-04-06,0.41803008,2
2016-04-07,-0.051918283,1
2016-04-08,-0.08636249,1
2016-04-09,-0.058803644,1
2016-04-11,-0.66899323,3
2016-04-12,-0.78164536,2
2016-04-13,-0.7872444,2
2016-04-14,-0.013468474,1
2016-04-15,-0.4847561,4
2016-04-17,-0.8739851,1
2016-04-19,-0.63056993,2
2016-04-20,-0.9020874,2
2016-04-21,-0.81961757,3
2016-04-22,-0.8803021,1
2016-04-26,0.24557331,1
2016-04-28,-0.9020995,1
2016-04-29,-0.5329752,1
2016-05-02,-0.62741363,24
2016-05-03,-0.7735158,4
2016-05-04,-0.7779226,1
2016-05-05,-0.42676917,14
2016-05-06,-0.51566994,5
2016-05-09,-0.51566994,1
2016-05-10,-0.6461638,2
2016-05-11,-0.77548814,3
2016-05-13,-0.5875068,3
2016-05-14,-0.77734435,1
2016-05-15,-0.4883283,1
2016-05-16,-0.5865196,1
2016-05-18,-0.85889757,2
2016-05-19,-0.47038883,7
2016-05-23,-0.50157094,1
2016-05-25,-0.91669345,1
2016-05-26,-0.6587755,4
2016-05-27,-0.818468,1
2016-05-30,-0.13408953,1
2016-05-31,-0.14517894,6
2016-06-01,0.07871122,2
2016-06-02,-0.8985704,1
2016-06-06,-0.42374355,4
2016-06-09,-0.8920362,2
2016-06-10,-0.7281819,3
2016-06-13,0.025889782,4
2016-06-14,-0.84069604,3
2016-06-16,-0.6513144,5
2016-06-17,-0.3375019,6
2016-06-19,0.3636664,1
2016-06-20,-0.23940562,3
2016-06-21,-0.66408473,3
2016-06-22,-0.85191643,2
2016-06-23,-0.4935309,5
2016-06-24,-0.63972485,5
2016-06-25,-0.075513594,1
2016-06-27,-0.7959473,2
2016-06-28,0.42483866,2
2016-06-29,-0.3331794,8
2016-06-30,-0.54630244,5
2016-07-01,-0.16385117,5
2016-07-04,-0.63954765,1
2016-07-05,-0.5176476,4
2016-07-06,-0.9046948,1
2016-07-07,-0.38243964,3
2016-07-08,-0.19942671,6
2016-07-09,-0.22036453,3
2016-07-10,-0.752604,1
2016-07-12,-0.6655261,11
2016-07-13,0.22021903,3
2016-07-14,-0.880078,1
2016-07-15,-0.7665258,1
2016-07-18,-0.4917425,2
2016-07-19,-0.875064,2
2016-07-21,-0.5133194,7
2016-07-22,-0.7359601,2
2016-07-25,-0.46521792,2
2016-07-26,-0.6717132,2
2016-07-27,-0.52545434,4
2016-08-01,-0.28718165,5
2016-08-02,0.13092022,7
2016-08-03,-0.5199693,22
2016-08-04,-0.35556635,6
2016-08-05,-0.39665893,7
2016-08-07,-0.5008676,1
2016-08-08,-0.4704536,3
2016-08-09,0.166677,3
2016-08-10,-0.7647387,1
2016-08-11,-0.836398,1
2016-08-14,-0.56935406,2
2016-08-15,-0.45548084,12
2016-08-16,-0.3647238,4
2016-08-17,-0.7653884,1
2016-08-18,-0.6834342,1
2016-08-22,-0.5784727,2
2016-08-23,-0.84224534,1
2016-08-24,-0.6628467,4
2016-08-25,-0.7533787,3
2016-08-26,-0.37668842,8
2016-08-27,0.26642606,1
2016-08-29,-0.37958184,3
2016-08-30,0.40981683,3
2016-09-02,-0.75285196,2
2016-09-04,-0.70053875,1
2016-09-06,0.43800253,1
2016-09-07,-0.5795429,1
2016-09-08,-0.66554964,2
2016-09-09,-0.62501067,3
2016-09-11,-0.8759055,1
2016-09-14,-0.024762303,2
2016-09-16,-0.55662906,5
2016-09-19,-0.54689467,8
2016-09-20,-0.7425395,9
2016-09-21,-0.28430262,3
2016-09-22,-0.57474935,5
2016-09-26,0.8039492,1
2016-09-28,-0.68984616,5
2016-09-29,0.7611123,6
2016-09-30,0.7292936,1
2016-10-03,0.78675914,2
2016-10-04,-0.06415268,4
2016-10-05,-0.6786235,1
2016-10-06,-0.6545489,1
2016-10-07,-0.7383481,2
2016-10-10,-0.8713836,1
2016-10-11,-0.8773461,1
2016-10-12,0.7940134,1
2016-10-13,-0.32792276,4
2016-10-14,-0.697158,2
2016-10-15,-0.86641055,1
2016-10-16,-0.89077646,1
2016-10-17,-0.13363351,1
2016-10-18,-0.7170294,6
2016-10-19,-0.90863585,3
2016-10-20,0.18659893,1
2016-10-21,-0.0024390295,1
2016-10-22,-0.6498845,1
2016-10-24,-0.59108806,1
2016-10-26,0.2140744,1
2016-10-27,-0.09849457,2
2016-10-28,-0.87034583,3
2016-11-02,-0.6143487,3
2016-11-03,-0.83442426,2
2016-11-04,-0.9127876,1
2016-11-07,-0.69240505,2
2016-11-09,-0.65309703,1
2016-11-10,0.1579325,4
2016-11-12,-0.51531476,1
2016-11-14,-0.8701424,1
2016-11-15,0.90043515,1
2016-11-21,-0.905464,1
2016-11-23,-0.90540373,2
2016-11-28,-0.8737665,1
2016-11-29,0.17986386,2
2016-11-30,0.0013596416,1
2016-12-02,-0.22479303,1
2016-12-03,-0.1975878,1
2016-12-05,0.121450394,1
2016-12-07,0.38685393,3
2016-12-09,0.80498874,1
2016-12-13,-0.14066999,3
2016-12-14,0.90015453,1
2016-12-16,-0.82004297,1
2016-12-19,-0.74881256,2
2016-12-20,0.53826123,1
2016-12-21,0.530714,1
2016-12-22,0.3321048,4
2016-12-23,-0.7997063,3
2016-12-24,-0.61341363,1
2016-12-26,0.87309194,1
2016-12-27,-0.45058686,4
2016-12-28,-0.70486706,4
2016-12-29,-0.78615177,2
2016-12-30,-0.7251067,1
2016-12-31,-0.80443525,1
2017-01-02,0.60967565,4
2017-01-03,-0.90673715,1
2017-01-04,-0.7398211,2
2017-01-05,-0.3013391,5
2017-01-06,-0.21045165,10
2017-01-08,-0.8432473,1
2017-01-09,-0.14264585,6
2017-01-10,-0.4064479,5
2017-01-11,-0.2837184,8
2017-01-12,-0.3243719,4
2017-01-13,-0.07995513,1
2017-01-14,-0.8221118,1
2017-01-16,-0.118111044,1
2017-01-17,-0.75376487,5
2017-01-18,-0.49463734,3
2017-01-19,-0.44438252,2
2017-01-20,-0.46221128,3
2017-01-23,-0.439832,3
2017-01-24,-0.43225324,1
2017-01-27,-0.03390023,6
2017-01-29,-0.24733064,2
2017-01-30,-0.71944743,3
2017-01-31,-0.4599958,1
2017-02-01,-0.8839666,1
2017-02-06,-0.54585075,2
2017-02-07,-0.013919413,1
2017-02-08,-0.4280539,2
2017-02-09,-0.18338364,6
2017-02-10,-0.26680347,6
2017-02-11,-0.6903898,1
2017-02-13,-0.04794469,2
2017-02-14,-0.9182006,1
2017-02-16,-0.8795156,3
2017-02-21,0.3248376,3
2017-02-22,-0.50804394,1
2017-02-23,-0.30732122,5
2017-02-24,0.7496667,3
2017-02-27,-0.36321983,3
2017-02-28,-0.5534637,2
2017-03-01,-0.32739624,4
2017-03-02,-0.84363097,1
2017-03-03,-0.21583697,7
2017-03-06,-0.5950971,3
2017-03-07,-0.40222022,6
2017-03-08,-0.19563906,3
2017-03-09,-0.5107902,2
2017-03-10,-0.019236019,7
2017-03-11,-0.21875028,5
2017-03-12,0.31108224,1
2017-03-13,-0.8159769,3
2017-03-14,-0.44304776,7
2017-03-15,-0.9004381,1
2017-03-16,-0.4622132,2
2017-03-17,-0.052562095,1
2017-03-19,-0.8753872,1
2017-03-20,0.0017917156,7
2017-03-21,-0.13507193,2
2017-03-22,-0.15416166,1
2017-03-23,-0.42689618,2
2017-03-24,-0.5983669,4
2017-03-27,-0.6772609,5
2017-03-28,-0.42362013,4
2017-03-29,-0.78641194,1
2017-03-31,-0.13441345,2
2017-04-02,-0.9063606,2
2017-04-03,-0.9090698,1
2017-04-04,-0.7653324,1
2017-04-05,-0.052540302,1
2017-04-06,-0.5532013,4
2017-04-07,-0.46781063,3
2017-04-08,-0.8546579,1
2017-04-10,-0.9050905,1
2017-04-11,-0.7147362,2
2017-04-12,-0.4442002,3
2017-04-13,-0.38831705,1
2017-04-14,-0.8570798,1
2017-04-15,-0.076531015,1
2017-04-17,-0.44914636,3
2017-04-18,-0.64715374,1
2017-04-20,-0.037554234,2
2017-04-21,-0.5590688,3
2017-04-25,-0.36916757,4
2017-04-26,-0.86947864,2
2017-04-27,-0.2741915,3
2017-04-28,-0.23346397,2
2017-04-29,0.4459625,1
2017-05-01,-0.9067371,1
2017-05-02,-0.06326479,2
2017-05-03,-0.837066,3
2017-05-04,-0.36705294,4
2017-05-05,-0.88486,3
2017-05-06,-0.19451003,3
2017-05-08,-0.6715264,2
2017-05-09,-0.14322074,6
2017-05-11,-0.07648875,4
2017-05-12,-0.7372334,10
2017-05-13,-0.57359743,5
2017-05-14,-0.875624,2
2017-05-15,-0.070309706,8
2017-05-16,0.0803048,2
2017-05-17,-0.6564831,4
2017-05-18,-0.8434546,2
2017-05-19,-0.61505264,9
2017-05-20,-0.28582358,1
2017-05-21,-0.24508798,1
2017-05-22,-0.1039801,7
2017-05-23,-0.8107713,4
2017-05-24,-0.1343273,7
2017-05-25,-0.68258595,12
2017-05-26,-0.42526695,11
2017-05-27,-0.89704823,1
2017-05-28,-0.31605822,1
2017-05-30,-0.67849207,6
2017-05-31,-0.17064288,7
2017-06-01,-0.31929013,6
2017-06-02,-0.517999,7
2017-06-03,0.28932706,1
2017-06-06,-0.07429026,11
2017-06-07,-0.40489635,5
2017-06-08,-0.51989216,6
2017-06-09,-0.51485103,3
2017-06-11,0.40921205,2
2017-06-12,-0.34391588,4
2017-06-13,-0.71951824,6
2017-06-14,-0.073373415,1
2017-06-15,-0.4209146,7
2017-06-16,-0.41120782,5
2017-06-19,-0.54707354,2
2017-06-20,0.096463144,3
2017-06-21,-0.22698773,4
2017-06-22,-0.43915996,3
2017-06-23,-0.64786947,5
2017-06-24,-0.79858387,2
2017-06-25,0.2618639,1
2017-06-26,-0.5900232,6
2017-06-27,-0.3799329,12
2017-06-28,-0.5277599,8
2017-06-29,0.13381016,4
2017-06-30,-0.85733265,7
2017-07-02,-0.90500283,2
2017-07-03,-0.117842875,6
2017-07-05,0.124938846,6
2017-07-07,-0.32068455,2
2017-07-10,-0.47230038,6
2017-07-11,-0.76600647,3
2017-07-12,-0.24264011,4
2017-07-13,-0.6541787,3
2017-07-14,-0.31300023,3
2017-07-15,-0.5772705,1
2017-07-16,-0.0106724,1
2017-07-17,-0.05716397,3
2017-07-18,-0.61757696,2
2017-07-19,0.4147634,1
2017-07-20,-0.5225668,3
2017-07-21,-0.6656808,2
2017-07-22,-0.7677419,1
2017-07-23,-0.57362247,3
2017-07-24,-0.81815434,3
2017-07-25,-0.36879438,8
2017-07-26,-0.84070987,1
2017-07-27,-0.24877468,4
2017-07-28,-0.39293578,6
2017-07-29,-0.87472725,1
2017-07-31,-0.4511438,8
2017-08-01,-0.41800383,18
2017-08-02,-0.3166068,14
2017-08-03,-0.4121139,7
2017-08-04,-0.30070066,5
2017-08-05,0.8897443,1
2017-08-07,0.006710805,7
2017-08-08,-0.4348875,4
2017-08-09,-0.25758165,4
2017-08-10,-0.450794,7
2017-08-11,-0.32498464,4
2017-08-13,0.90932184,1
2017-08-14,-0.26847586,10
2017-08-15,0.104468964,5
2017-08-16,-0.6094447,3
2017-08-17,-0.35180458,6
2017-08-18,-0.36345315,5
2017-08-19,-0.6916512,1
2017-08-20,-0.15007652,3
2017-08-21,-0.5151934,8
2017-08-22,-0.3755769,16
2017-08-23,0.2536102,2
2017-08-24,-0.35326806,7
2017-08-25,-0.34489685,9
2017-08-26,0.011997113,4
2017-08-27,-0.43202463,2
2017-08-28,-0.35121357,4
2017-08-29,-0.19090873,15
2017-08-30,-0.08884107,18
2017-08-31,-0.009550906,18
2017-09-01,-0.25650892,8
2017-09-02,-0.79615957,4
2017-09-03,-0.17292045,4
2017-09-04,-0.16797338,18
2017-09-05,-0.33554196,38
2017-09-06,-0.23795675,21
2017-09-07,0.069900975,9
2017-09-08,-0.06799384,14
2017-09-09,-0.783729,4
2017-09-10,0.039200597,9
2017-09-11,-0.13574015,21
2017-09-12,-0.4226169,32
2017-09-13,-0.27313092,33
2017-09-14,-0.3239749,30
2017-09-15,-0.17704162,32
2017-09-16,-0.2426947,1
2017-09-17,-0.3276675,6
2017-09-18,-0.3549586,26
2017-09-19,-0.403779,23
2017-09-20,-0.36223742,9
2017-09-21,-0.5034529,11
2017-09-22,-0.46914554,8
2017-09-23,-0.465236,1
2017-09-24,-0.78944767,2
2017-09-25,-0.5043162,2
2017-09-26,-0.8083675,2
2017-09-27,-0.44831455,8
2017-09-28,-0.41348228,16
2017-09-29,-0.035419907,12
2017-10-01,-0.247544,1
2017-10-02,-0.32686174,19
2017-10-03,-0.6620463,8
2017-10-04,-0.55629444,6
2017-10-05,-0.29356346,6
2017-10-06,-0.23757987,6
2017-10-07,-0.7967967,2
2017-10-08,-0.60324985,1
2017-10-09,-0.10236786,16
2017-10-10,-0.19977312,25
2017-10-11,-0.4648641,13
2017-10-12,-0.10659025,40
2017-10-13,-0.33152646,30
2017-10-14,-0.27879483,5
2017-10-15,-0.8570317,2
2017-10-16,-0.289591,20
2017-10-17,-0.21051909,13
2017-10-18,-0.4083985,8
2017-10-19,-0.2289144,6
2017-10-20,-0.045164917,18
2017-10-21,-0.3830968,1
2017-10-22,-0.5037995,3
2017-10-23,-0.52953416,24
2017-10-24,-0.35322154,16
2017-10-25,-0.47944185,18
2017-10-26,-0.22303338,19
2017-10-27,-0.75584394,7
2017-10-28,-0.52212113,1
2017-10-29,-0.8698792,2
2017-10-30,-0.23079312,10
2017-10-31,-0.28470975,18
2017-11-01,-0.03414859,17
2017-11-02,-0.0892607,16
2017-11-03,0.00980832,17
2017-11-05,-0.8964335,2
2017-11-06,-0.32636124,20
2017-11-07,-0.59912485,14
2017-11-08,-0.0872102,25
2017-11-09,-0.23789085,11
2017-11-10,-0.0074424753,31
2017-11-12,0.05471577,7
2017-11-13,-0.23673393,46
2017-11-14,-0.15987864,8
2017-11-15,-0.41643357,29
2017-11-16,-0.41613466,27
2017-11-17,-0.4138059,21
2017-11-18,-0.48971,3
2017-11-19,-0.9068,3
2017-11-20,0.091679946,30
2017-11-21,-0.20793773,25
2017-11-22,-0.46643856,21
2017-11-23,-0.022608567,10
2017-11-24,-0.058010794,13
2017-11-25,-0.12220183,4
2017-11-26,-0.014353871,11
2017-11-27,-0.035879657,34
2017-11-28,-0.48091677,38
2017-11-29,-0.2052427,66
2017-11-30,-0.5842758,40
2017-12-01,-0.29637474,28
2017-12-02,-0.69817215,6
2017-12-03,-0.1544981,13
2017-12-04,-0.40659115,39
2017-12-05,-0.3503296,29
2017-12-06,-0.0743446,37
2017-12-07,-0.34671503,67
2017-12-08,-0.28402022,65
2017-12-09,-0.34025642,8
2017-12-10,-0.44538176,22
2017-12-11,-0.03295392,68
2017-12-12,-0.170394,62
2017-12-13,-0.25671262,34
2017-12-14,-0.34514123,37
2017-12-15,-0.11543347,39
2017-12-16,-0.45053756,8
2017-12-17,0.15915231,14
2017-12-18,-0.07711306,44
2017-12-19,-0.34968525,40
2017-12-20,-0.4070107,73
2017-12-21,-0.38876244,64
2017-12-22,-0.3525111,98
2017-12-23,-0.48250735,36
2017-12-24,-0.5188494,39
2017-12-25,-0.62198913,18
2017-12-26,-0.28680816,63
2017-12-27,-0.50462544,57
2017-12-28,-0.37509814,78
2017-12-29,-0.4842935,50
2017-12-30,-0.5167369,43
2017-12-31,-0.36706784,31
2018-01-01,-0.544719,21
2018-01-02,-0.4007586,74
2018-01-03,-0.3658184,57
2018-01-04,-0.4422856,87
2018-01-05,-0.18445553,62
2018-01-06,-0.40503517,32
2018-01-07,-0.50900364,39
2018-01-08,-0.20411907,99
2018-01-09,-0.11366274,63
2018-01-10,-0.16941038,70
2018-01-11,-0.24090682,113
2018-01-12,-0.42251593,65
2018-01-13,-0.5560517,42
2018-01-14,-0.62056875,42
2018-01-15,-0.5582163,48
2018-01-16,-0.34479254,97
2018-01-17,-0.22590706,109
2018-01-18,-0.29585966,74
2018-01-19,-0.3451149,62
2018-01-20,-0.5177527,42
2018-01-21,-0.4510221,47
2018-01-22,-0.40828875,74
2018-01-23,-0.49286196,54
2018-01-24,-0.4506476,38
2018-01-25,-0.37610412,48
2018-01-26,-0.32945627,52
2018-01-27,-0.5030807,33
2018-01-28,-0.518354,37
2018-01-29,-0.38845658,66
2018-01-30,-0.24914333,109
2018-01-31,-0.33691144,76
2018-02-01,-0.2809172,86
2018-02-02,-0.39375508,71
2018-02-03,-0.47395232,37
2018-02-04,-0.40114915,31
2018-02-05,-0.35775694,92
2018-02-06,-0.27378523,84
2018-02-07,-0.43805638,71
2018-02-08,-0.2869556,64
2018-02-09,-0.31149116,48
2018-02-10,-0.4907196,29
2018-02-11,-0.45619115,21
2018-02-12,-0.5042372,35
2018-02-13,-0.23363467,53
2018-02-14,-0.31359625,70
2018-02-15,-0.22978602,55
2018-02-16,-0.44278198,40
2018-02-17,-0.4961321,32
2018-02-18,-0.37898985,24
2018-02-19,-0.41402712,37
2018-02-20,-0.2819451,40
2018-02-21,-0.29922354,45
2018-02-22,-0.29811832,51
2018-02-23,-0.46971738,26
2018-02-24,-0.4957186,29
2018-02-25,-0.5547344,28
2018-02-26,-0.43931523,33
2018-02-27,-0.3723241,29
2018-02-28,-0.46761233,29
2018-03-01,-0.42700577,23
2018-03-02,-0.26538816,57
2018-03-03,-0.23136352,25
2018-03-04,-0.448762,26
2018-03-05,-0.17437401,46
2018-03-06,-0.47579548,35
2018-03-07,-0.4448538,37
2018-03-08,-0.41194808,30
2018-03-09,-0.33096412,53
2018-03-10,-0.47669214,26
2018-03-11,-0.58971417,27
2018-03-12,-0.40549996,46
2018-03-13,-0.4342108,25
2018-03-14,-0.38517568,47
2018-03-15,-0.38341543,49
2018-03-16,-0.39124584,26
2018-03-17,-0.5468217,19
2018-03-18,-0.59991354,28
2018-03-19,-0.3385985,37
2018-03-20,-0.33711466,39
2018-03-21,-0.3188856,44
2018-03-22,-0.4312548,33
2018-03-23,-0.41548985,33
2018-03-24,-0.476093,20
2018-03-25,-0.48977682,23
2018-03-26,-0.17511953,35
2018-03-27,-0.42383954,33
2018-03-28,-0.3449899,39
2018-03-29,-0.29558656,23
2018-03-30,-0.23852642,20
2018-03-31,-0.2578919,20
2018-04-01,-0.6333487,22
2018-04-02,-0.39582834,35
2018-04-03,-0.53148776,21
2018-04-04,-0.15288395,29
2018-04-05,-0.3299552,55
2018-04-06,-0.4959902,50
2018-04-07,-0.50975674,31
2018-04-08,-0.5724321,34
2018-04-09,-0.2731011,36
2018-04-10,-0.35499135,23
2018-04-11,-0.32635784,37
2018-04-12,-0.23677175,28
2018-04-13,-0.25198162,33
2018-04-14,-0.49760902,18
2018-04-15,-0.497404,24
2018-04-16,-0.5171457,23
2018-04-17,-0.3696034,24
2018-04-18,-0.319785,46
2018-04-19,-0.09654904,44
2018-04-20,-0.47882843,37
2018-04-21,-0.3127644,28
2018-04-22,-0.47307673,46
2018-04-23,-0.25247958,47
2018-04-24,-0.28558183,42
2018-04-25,-0.2971484,43
2018-04-26,-0.42318106,26
2018-04-27,-0.29990256,41
2018-04-28,-0.44573227,20
2018-04-29,-0.7399256,22
2018-04-30,-0.54660624,46
2018-05-01,-0.19428453,28
2018-05-02,-0.24624348,33
2018-05-03,-0.42878753,38
2018-05-04,-0.18699569,33
2018-05-05,-0.51213455,34
2018-05-06,-0.27672452,31
2018-05-07,-0.2931123,55
2018-05-08,-0.33648202,33
2018-05-09,-0.33556205,40
2018-05-10,-0.115986094,36
2018-05-11,-0.27626318,53
2018-05-12,-0.41481072,20
2018-05-13,-0.45298934,38
2018-05-14,-0.26255536,33
2018-05-15,-0.41410574,42
2018-05-16,-0.3414961,37
2018-05-17,-0.4615372,35
2018-05-18,-0.4188993,42
2018-05-19,-0.4244179,21
2018-05-20,-0.49087378,34
2018-05-21,-0.5790587,33
2018-05-22,-0.4314884,50
2018-05-23,-0.40769717,44
2018-05-24,-0.4515168,38
2018-05-25,-0.47657356,40
2018-05-26,-0.13214892,31
2018-05-27,-0.36092818,26
2018-05-28,-0.34404132,25
2018-05-29,-0.38743636,41
2018-05-30,-0.34140435,33
2018-05-31,-0.48784414,34
2018-06-01,-0.5790366,34
2018-06-02,-0.34034288,24
2018-06-03,-0.73157334,26
2018-06-04,-0.443183,39
2018-06-05,-0.4550601,34
2018-06-06,-0.35606423,57
2018-06-07,-0.32766896,77
2018-06-08,-0.34907737,56
2018-06-09,-0.29390964,34
2018-06-10,-0.5587263,48
2018-06-11,-0.3125558,66
2018-06-12,-0.41080165,62
2018-06-13,-0.28698146,60
2018-06-14,-0.3240152,50
2018-06-15,-0.38098645,42
2018-06-16,-0.62404037,38
2018-06-17,-0.57709706,39
2018-06-18,-0.40327883,56
2018-06-19,-0.3160798,42
2018-06-20,-0.32201952,40
2018-06-21,-0.4012404,35
2018-06-22,-0.28236458,67
2018-06-23,-0.41411173,22
2018-06-24,-0.50731874,28
2018-06-25,-0.49538705,52
2018-06-26,-0.38841084,48
2018-06-27,-0.32183456,50
2018-06-28,-0.3611396,53
2018-06-29,-0.3438139,56
2018-06-30,-0.3370436,25
2018-07-01,-0.53837794,24
2018-07-02,-0.47445267,43
2018-07-03,-0.30254355,39
2018-07-04,-0.29504272,28
2018-07-05,-0.40394193,43
2018-07-06,-0.29698882,43
2018-07-07,-0.39998427,30
2018-07-08,-0.45922047,34
2018-07-09,-0.2775731,40
2018-07-10,-0.060371928,23
2018-07-11,-0.115318924,19
2018-07-12,0.038157992,14
2018-07-13,-0.29623866,29
2018-07-14,-0.4486423,14
2018-07-15,-0.31299642,11
2018-07-16,-0.3973243,17
2018-07-17,-0.43190697,18
2018-07-18,-0.30908218,10
2018-07-19,-0.68089926,5
2018-07-20,-0.13395412,9
2018-07-21,-0.31071135,12
2018-07-22,-0.39811358,9
2018-07-23,-0.22092932,22
2018-07-24,-0.32697287,15
2018-07-25,-0.42590204,28
2018-07-26,-0.32835534,17
2018-07-27,-0.44928357,25
2018-07-28,-0.55556756,14
2018-07-29,-0.32970205,17
2018-07-30,-0.42080456,26
2018-07-31,-0.33529007,23
2018-08-01,-0.2689925,16
2018-08-02,-0.4776914,20
2018-08-03,-0.3652103,27
2018-08-04,-0.4625199,12
2018-08-05,-0.60680115,11
2018-08-06,-0.3306589,25
2018-08-07,-0.26100513,22
2018-08-08,-0.6991615,8
2018-08-09,-0.23296937,31
2018-08-10,-0.26270527,20
2018-08-11,-0.34141558,11
2018-08-12,-0.4763772,20
2018-08-13,-0.3036034,24
2018-08-14,-0.065752216,30
2018-08-15,-0.4333509,20
2018-08-16,0.017587254,21
2018-08-17,-0.44090262,28
2018-08-18,0.1339693,16
2018-08-19,-0.23588948,19
2018-08-20,-0.3717765,19
2018-08-21,-0.1985873,28
2018-08-22,-0.38439474,11
2018-08-23,-0.33642304,25
2018-08-24,-0.49666142,20
2018-08-25,-0.25283805,24
2018-08-26,-0.39246973,17
2018-08-27,-0.111254476,12
2018-08-28,-0.27461407,12
2018-08-29,-0.44067723,18
2018-08-30,-0.4357885,19
2018-08-31,-0.20375057,12
2018-09-01,-0.41107175,7
2018-09-02,-0.44619116,6
2018-09-03,-0.27821237,10
2018-09-04,-0.34056482,21
2018-09-05,-0.39300147,22
2018-09-06,-0.24314067,18
2018-09-07,-0.24501003,11
2018-09-08,-0.4711423,7
2018-09-09,-0.4086043,10
2018-09-10,-0.28844997,18
2018-09-11,-0.56345993,9
2018-09-12,-0.2888547,16
2018-09-13,-0.23207076,18
2018-09-14,-0.45167118,20
2018-09-15,0.12190353,13
2018-09-16,-0.42043468,15
2018-09-17,-0.25518203,17
2018-09-18,-0.25453696,10
2018-09-19,-0.33425012,13
2018-09-20,-0.3088504,29
2018-09-21,-0.26333007,23
2018-09-22,-0.46697512,11
2018-09-23,-0.2749906,13
2018-09-24,-0.21676406,20
2018-09-25,-0.56266403,12
2018-09-26,-0.1277633,10
2018-09-27,-0.50391,11
2018-09-28,-0.29917157,12
2018-09-29,-0.36442685,6
2018-09-30,0.0033462117,13
2018-10-01,0.018055731,8
2018-10-02,-0.37944508,11
2018-10-03,-0.46378532,8
2018-10-04,-0.22826406,9
2018-10-05,-0.6554617,6
2018-10-06,-0.44160536,7
2018-10-07,-0.39484712,6
2018-10-08,-0.48554632,8
2018-10-09,-0.5827003,7
2018-10-10,-0.36782658,9
2018-10-11,-0.1559723,9
2018-10-12,-0.20225644,8
2018-10-13,-0.677276,5
2018-10-14,-0.74961334,7
2018-10-15,-0.19492653,8
2018-10-16,-0.6443783,5
2018-10-17,-0.27133146,4
2018-10-18,-0.52718747,9
2018-10-19,-0.55196583,6
2018-10-20,-0.444671,6
2018-10-21,-0.3655921,10
2018-10-22,-0.32180437,10
2018-10-23,-0.13575801,9
2018-10-24,-0.47170085,8
2018-10-25,-0.6323493,8
2018-10-26,-0.48519766,4
2018-10-27,-0.53847027,6
2018-10-28,-0.34277108,9
2018-10-29,-0.4508175,16
2018-10-30,-0.3772996,16
2018-10-31,-0.30339196,18
2018-11-01,-0.42518023,11
2018-11-02,-0.48304397,20
2018-11-03,-0.17747574,11
2018-11-04,-0.32400638,15
2018-11-05,-0.3186183,14
2018-11-06,-0.26167944,18
2018-11-07,-0.42976564,14
2018-11-08,-0.1058557,21
2018-11-09,-0.2987428,15
2018-11-10,-0.40255222,12
2018-11-11,-0.16546291,18
2018-11-12,-0.37090284,17
2018-11-13,-0.3072332,22
2018-11-14,-0.47225302,28
2018-11-15,-0.25826633,19
2018-11-16,-0.18694814,18
2018-11-17,-0.6042978,16
2018-11-18,-0.42665663,14
2018-11-19,-0.21285896,28
2018-11-20,-0.23884575,32
2018-11-21,-0.47908378,21
2018-11-22,-0.39560774,19
2018-11-23,-0.26508754,24
2018-11-24,-0.28995156,22
2018-11-25,-0.29847133,21
2018-11-26,-0.16848882,23
2018-11-27,-0.40706536,27
2018-11-28,-0.15486504,25
2018-11-29,-0.28164333,16
2018-11-30,-0.4150579,23
2018-12-01,-0.4657142,17
2018-12-02,-0.5206901,10
2018-12-03,-0.31617463,22
2018-12-04,-0.34903762,31
2018-12-05,-0.35500202,19
2018-12-06,-0.16288972,20
2018-12-07,-0.32252708,25
2018-12-08,-0.21594325,10
2018-12-09,-0.42703557,20
2018-12-10,-0.15916651,29
2018-12-11,-0.46151695,27
2018-12-12,-0.33192632,27
2018-12-13,-0.31302467,20
2018-12-14,-0.34504846,25
2018-12-15,-0.39399067,15
2018-12-16,-0.52775586,32
2018-12-17,-0.29084033,33
2018-12-18,-0.42149198,31
2018-12-19,-0.26970947,27
2018-12-20,-0.36288717,23
2018-12-21,-0.2485035,29
2018-12-22,-0.3944862,14
2018-12-23,-0.6357424,27
2018-12-24,-0.25109106,19
2018-12-25,-0.33392522,12
2018-12-26,-0.33512852,21
2018-12-27,-0.16450523,32
2018-12-28,-0.44960395,24
2018-12-29,-0.20748702,16
2018-12-30,-0.39897257,28
2018-12-31,-0.383936,40
2019-01-01,-0.45398343,15
2019-01-02,-0.118098035,26
2019-01-03,-0.336293,26
2019-01-04,-0.4371096,18
2019-01-05,-0.5395831,5
2019-01-06,0.012904474,7
2019-01-07,-0.085567564,11
2019-01-08,-0.32815328,18
2019-01-09,-0.35066944,26
2019-01-10,-0.334679,22
2019-01-11,-0.4371822,34
2019-01-12,-0.22480993,11
2019-01-13,-0.4650165,20
2019-01-14,-0.312448,39
2019-01-15,-0.42700055,22
2019-01-16,-0.46515343,14
2019-01-17,-0.22421473,29
2019-01-18,-0.28542152,33
2019-01-19,-0.16499147,13
2019-01-20,-0.33126786,21
2019-01-21,-0.44827482,30
2019-01-22,-0.24896766,35
2019-01-23,-0.373024,35
2019-01-24,-0.42959198,35
2019-01-25,-0.28462872,19
2019-01-26,-0.3284195,19
2019-01-27,-0.5318907,15
2019-01-28,-0.3489029,24
2019-01-29,-0.32934368,25
2019-01-30,-0.40423226,20
2019-01-31,-0.3185387,18
2019-02-01,-0.48397976,23
2019-02-02,-0.2030396,11
2019-02-03,-0.30098438,21
2019-02-04,-0.2273999,33
2019-02-05,-0.28234154,29
2019-02-06,-0.34304127,36
2019-02-07,-0.2694255,31
2019-02-08,-0.21718729,25
2019-02-09,-0.46082345,17
2019-02-10,-0.42740715,18
2019-02-11,-0.32633403,35
2019-02-12,-0.29611683,32
2019-02-13,-0.19736217,30
2019-02-14,-0.48770237,26
2019-02-15,-0.22706716,34
2019-02-16,-0.3974664,16
2019-02-17,-0.23358364,19
2019-02-18,-0.25636965,29
2019-02-19,-0.36666593,31
2019-02-20,-0.38988593,29
2019-02-21,-0.31480688,33
2019-02-22,-0.39890042,29
2019-02-23,-0.28315818,12
2019-02-24,-0.4768422,18
2019-02-25,-0.218361,36
2019-02-26,-0.33363038,31
2019-02-27,-0.3657659,31
2019-02-28,-0.2427756,37
2019-03-01,-0.41325435,38
2019-03-02,-0.59712297,19
2019-03-03,-0.5111041,18
2019-03-04,-0.2949762,48
2019-03-05,-0.3048639,46
2019-03-06,-0.41707814,33
2019-03-07,-0.36049518,34
2019-03-08,-0.4234512,36
2019-03-09,-0.4651883,9
2019-03-10,-0.43976256,13
2019-03-11,-0.4796744,15
2019-03-12,-0.46618086,20
2019-03-13,-0.6309171,21
2019-03-14,-0.36968938,12
2019-03-15,-0.39299044,7
2019-03-16,-0.43944988,5
2019-03-17,-0.21694435,11
2019-03-18,-0.16494793,15
2019-03-19,-0.47667974,28
2019-03-20,-0.38225043,29
2019-03-21,-0.3814464,23
2019-03-22,-0.3760746,21
2019-03-23,-0.42162618,8
2019-03-24,-0.40388846,14
2019-03-25,-0.24291196,31
2019-03-26,-0.31122103,38
2019-03-27,-0.48251382,35
2019-03-28,-0.27433825,33
2019-03-29,-0.307016,40
2019-03-30,-0.46652105,14
2019-03-31,-0.28792855,13
2019-04-01,-0.31331536,34
2019-04-02,-0.2194792,66
2019-04-03,-0.35297602,33
2019-04-04,-0.28482407,43
2019-04-05,-0.34260464,36
2019-04-06,-0.40049243,17
2019-04-07,-0.35112467,28
2019-04-08,-0.3337545,42
2019-04-09,-0.37889898,47
2019-04-10,-0.29671797,41
2019-04-11,-0.26301104,42
2019-04-12,-0.39486107,39
2019-04-13,-0.6193038,12
2019-04-14,-0.3388067,21
2019-04-15,-0.5166788,37
2019-04-16,-0.53630286,40
2019-04-17,-0.39225405,21
2019-04-18,-0.41463676,34
2019-04-19,-0.28615046,38
2019-04-20,-0.21134399,15
2019-04-21,-0.55748385,17
2019-04-22,-0.46476993,25
2019-04-23,-0.2470612,41
2019-04-24,-0.52670723,44
2019-04-25,-0.40835646,46
2019-04-26,-0.4553111,45
2019-04-27,-0.50643957,20
2019-04-28,-0.38943687,27
2019-04-29,-0.29496396,36
2019-04-30,-0.4849026,43
2019-05-01,-0.48356026,38
2019-05-02,-0.30544183,25
2019-05-03,-0.21684338,50
2019-05-04,-0.49809143,14
2019-05-05,-0.39722016,21
2019-05-06,-0.5612127,58
2019-05-07,-0.25556558,55
2019-05-08,-0.33981737,53
2019-05-09,-0.32984978,45
2019-05-10,-0.22404982,58
2019-05-11,-0.54848045,25
2019-05-12,-0.3327599,25
2019-05-13,-0.23735574,76
2019-05-14,-0.21983747,67
2019-05-15,-0.38687736,70
2019-05-16,-0.38505894,46
2019-05-17,-0.34379342,70
2019-05-18,-0.71655166,14
2019-05-19,-0.11852148,24
2019-05-20,-0.3524384,52
2019-05-21,-0.4126603,63
2019-05-22,-0.42357215,71
2019-05-23,-0.41173244,68
2019-05-24,-0.43044162,76
2019-05-25,-0.09324314,21
2019-05-26,-0.3390119,31
2019-05-27,-0.03300069,61
2019-05-28,-0.232778,103
2019-05-29,-0.36237872,74
2019-05-30,-0.40780437,71
2019-05-31,-0.41163787,56
2019-06-01,-0.1893843,15
2019-06-02,-0.40432438,16
2019-06-03,-0.4025173,62
2019-06-04,-0.48498148,34
2019-06-05,-0.4186232,37
2019-06-06,-0.41363293,40
2019-06-07,-0.3447484,35
2019-06-08,-0.32696986,8
2019-06-09,-0.38756832,17
2019-06-10,-0.40569976,35
2019-06-11,-0.526282,25
2019-06-12,-0.46959597,27
2019-06-13,-0.40291163,37
2019-06-14,-0.352268,27
2019-06-15,-0.4597126,12
2019-06-16,-0.44811457,21
2019-06-17,-0.3262214,49
2019-06-18,-0.40765607,60
2019-06-19,-0.3999379,35
2019-06-20,-0.39258817,39
2019-06-21,-0.19876926,49
2019-06-22,-0.29849985,26
2019-06-23,-0.42338955,24
2019-06-24,-0.16776833,49
2019-06-25,-0.3980665,30
2019-06-26,-0.08992847,48
2019-06-27,-0.3301949,58
2019-06-28,-0.35544267,61
2019-06-29,-0.32163796,17
2019-06-30,-0.3002967,14
2019-07-01,-0.413452,34
2019-07-02,-0.27230877,38
2019-07-03,-0.1864103,39
2019-07-04,-0.3261683,17
2019-07-05,-0.21420579,30
2019-07-06,-0.35908607,9
2019-07-07,-0.18441272,8
2019-07-08,-0.17673637,43
2019-07-09,-0.40616044,24
2019-07-10,-0.36335304,26
2019-07-11,-0.3835562,23
2019-07-12,-0.35439146,27
2019-07-13,-0.4626663,8
2019-07-14,-0.36720547,9
2019-07-15,-0.3486789,25
2019-07-16,-0.2538049,26
2019-07-17,-0.3544517,27
2019-07-18,-0.24408777,27
2019-07-19,-0.1249999,15
2019-07-20,-0.8033518,7
2019-07-21,-0.4619244,9
2019-07-22,-0.55978566,17
2019-07-23,-0.31263152,15
2019-07-24,-0.11958572,23
2019-07-25,-0.3247976,25
2019-07-26,-0.28172672,30
2019-07-27,-0.53552634,15
2019-07-28,-0.28398606,14
2019-07-29,-0.37152362,17
2019-07-30,-0.524757,23
2019-07-31,-0.50093883,31
2019-08-01,-0.25084633,19
2019-08-02,-0.3945393,30
2019-08-03,-0.47475576,5
2019-08-04,-0.54707724,7
2019-08-05,-0.21721229,26
2019-08-06,-0.3309277,28
2019-08-07,-0.41568828,29
2019-08-08,-0.32170787,13
2019-08-09,-0.64559543,17
2019-08-10,-0.24309227,13
2019-08-11,-0.3751873,10
2019-08-12,-0.32764286,25
2019-08-13,-0.44273832,23
2019-08-14,-0.46121478,20
2019-08-15,-0.4042928,28
2019-08-16,-0.40957317,22
2019-08-17,-0.06217431,5
2019-08-18,-0.33672422,9
2019-08-19,-0.22773427,24
2019-08-20,-0.13783555,33
2019-08-21,-0.3544017,30
2019-08-22,-0.33543107,22
2019-08-23,-0.26442325,28
2019-08-24,-0.4593093,8
2019-08-25,-0.3906848,12
2019-08-26,-0.51463646,22
2019-08-27,-0.38777584,19
2019-08-28,-0.4397956,16
2019-08-29,-0.19577631,17
2019-08-30,-0.49697486,20
2019-08-31,-0.37720063,11
2019-09-01,-0.37720308,9
2019-09-02,-0.27659893,17
2019-09-03,-0.19559342,26
2019-09-04,-0.47288132,29
2019-09-05,-0.47514728,27
2019-09-06,-0.3330263,22
2019-09-07,-0.65954477,6
2019-09-08,-0.4979665,9
2019-09-09,-0.10614519,22
2019-09-10,-0.39707485,21
2019-09-11,-0.39944682,26
2019-09-12,-0.38345468,27
2019-09-13,-0.18251032,22
2019-09-14,-0.4029614,5
2019-09-15,-0.41054818,12
2019-09-16,-0.3652806,24
2019-09-17,-0.554408,26
2019-09-18,-0.51740324,19
2019-09-19,-0.51908225,32
2019-09-20,-0.20701678,35
2019-09-21,-0.5307334,5
2019-09-22,-0.73091084,8
2019-09-23,-0.43848208,43
2019-09-24,0.056968413,31
2019-09-25,-0.51579964,17
2019-09-26,-0.3554605,22
2019-09-27,-0.3547157,25
2019-09-28,-0.3434295,9
2019-09-29,-0.20974037,9
2019-09-30,-0.46192893,20
2019-10-01,-0.27587357,30
2019-10-02,-0.33066225,23
2019-10-03,-0.3572513,22
2019-10-04,-0.18371089,24
2019-10-05,-0.34065852,8
2019-10-06,-0.30935013,9
2019-10-07,-0.33590177,18
2019-10-08,-0.15640007,14
2019-10-09,-0.23686591,17
2019-10-10,-0.4544677,19
2019-10-11,-0.3305817,14
2019-10-12,-0.7134641,6
2019-10-13,-0.46888956,10
2019-10-14,-0.1990172,20
2019-10-15,-0.51851225,19
2019-10-16,-0.22548887,28
2019-10-17,-0.52036184,25
2019-10-18,-0.50989145,26
2019-10-19,-0.4705403,12
2019-10-20,-0.62811047,7
2019-10-21,-0.37093762,24
2019-10-22,-0.6007826,18
2019-10-23,-0.37027615,29
2019-10-24,-0.43571422,19
2019-10-25,-0.19479515,27
2019-10-26,-0.8648178,6
2019-10-27,-0.39922556,15
2019-10-28,-0.25145063,28
2019-10-29,-0.35308775,14
2019-10-30,-0.56053346,22
2019-10-31,-0.25010514,21
2019-11-01,-0.42032096,25
2019-11-02,-0.54396427,4
2019-11-03,-0.21117458,8
2019-11-04,-0.36717036,17
2019-11-05,-0.46473372,19
2019-11-06,-0.31148747,27
2019-11-07,-0.5035496,17
2019-11-08,-0.35641053,27
2019-11-09,-0.87664485,2
2019-11-10,-0.31985727,11
2019-11-11,-0.41491702,19
2019-11-12,-0.5295821,19
2019-11-13,-0.530723,18
2019-11-14,-0.25586474,19
2019-11-15,-0.2977808,27
2019-11-16,-0.87601054,5
2019-11-17,-0.31262523,14
2019-11-18,-0.58280486,12
2019-11-19,-0.32805777,13
2019-11-20,-0.543916,15
2019-11-21,-0.4673325,12
2019-11-22,-0.23524702,28
2019-11-23,-0.76100135,2
2019-11-24,-0.36473987,14
2019-11-25,-0.38818738,17
2019-11-26,-0.25014272,16
2019-11-27,-0.45352077,16
2019-11-28,-0.39734185,15
2019-11-29,-0.31624874,14
2019-11-30,-0.39586183,7
2019-12-01,-0.61289334,9
2019-12-02,-0.38202178,20
2019-12-03,-0.21125636,13
2019-12-04,-0.37561703,11
2019-12-05,-0.49537304,27
2019-12-06,-0.3885694,19
2019-12-07,-0.62559235,5
2019-12-08,-0.70017594,10
2019-12-09,-0.52890676,23
2019-12-10,-0.5244394,18
2019-12-11,-0.3135775,27
2019-12-12,-0.4323829,20
2019-12-13,-0.3675554,18
2019-12-14,-0.44359916,5
2019-12-15,-0.58652616,12
2019-12-16,-0.3946949,24
2019-12-17,-0.29210162,14
2019-12-18,-0.41343257,19
2019-12-19,-0.36939883,19
2019-12-20,-0.2396966,24
2019-12-21,-0.49320564,4
2019-12-22,-0.7895995,7
2019-12-23,-0.39807147,18
2019-12-24,-0.42109624,9
2019-12-25,-0.84195143,1
2019-12-26,-0.32604322,11
2019-12-27,-0.3311961,6
2019-12-28,-0.76556844,3
2019-12-29,-0.6843795,8
2019-12-30,-0.7090141,9
2019-12-31,-0.5395044,4
2020-01-01,-0.769228,4
2020-01-02,-0.3742757,12
2020-01-03,-0.28778765,18
2020-01-04,-0.8012501,2
2020-01-05,-0.0033116043,2
2020-01-06,-0.41364977,18
2020-01-07,-0.16780858,10
2020-01-08,-0.2846277,20
2020-01-09,-0.28842235,11
2020-01-10,-0.17818066,14
2020-01-11,-0.38005963,5
2020-01-12,-0.56703985,4
2020-01-13,-0.10534857,15
2020-01-14,-0.29471415,14
2020-01-15,-0.5120114,18
2020-01-16,-0.33617973,6
2020-01-17,-0.011941437,9
2020-01-18,-0.12603395,3
2020-01-19,-0.84065133,1
2020-01-20,0.13190426,12
2020-01-21,-0.57228553,15
2020-01-22,-0.32705802,21
2020-01-23,-0.4852882,18
2020-01-24,-0.55803937,10
2020-01-25,-0.8483262,3
2020-01-26,-0.40008634,4
2020-01-27,-0.040241554,16
2020-01-28,-0.1994085,17
2020-01-29,-0.26164734,14
2020-01-30,-0.32753727,11
2020-01-31,-0.29746097,9
2020-02-01,0.12792942,6
2020-02-02,-0.43568707,5
2020-02-03,-0.3930734,12
2020-02-04,-0.25421485,14
2020-02-05,-0.20899878,19
2020-02-06,-0.07847824,16
2020-02-07,-0.031753168,9
2020-02-08,-0.48469448,3
2020-02-09,-0.35574725,5
2020-02-10,-0.4145924,8
2020-02-11,-0.4156451,13
2020-02-12,-0.429666,11
2020-02-13,-0.33700857,17
2020-02-14,-0.46122295,15
2020-02-15,0.11575482,7
2020-02-16,-0.20094067,4
2020-02-17,-0.24421619,14
2020-02-18,-0.63652104,7
2020-02-19,-0.32972926,17
2020-02-20,-0.454581,11
2020-02-21,-0.40921637,16
2020-02-22,-0.8545925,3
2020-02-23,-0.6618546,3
2020-02-24,-0.4769502,15
2020-02-25,-0.41930237,17
2020-02-26,-0.38838094,16
2020-02-27,-0.22833963,14
2020-02-28,-0.338727,16
2020-02-29,-0.012430596,3
2020-03-01,-0.5279065,6
2020-03-02,-0.26644522,10
2020-03-03,-0.27893585,17
2020-03-04,-0.24468814,19
2020-03-05,-0.18274467,20
2020-03-06,-0.2718621,14
2020-03-07,-0.17063898,4
2020-03-08,-0.87500644,2
2020-03-09,-0.42217514,21
2020-03-10,-0.3638185,9
2020-03-11,-0.48101372,13
2020-03-12,-0.38568234,17
2020-03-13,-0.009472312,16
2020-03-14,-0.012032498,3
2020-03-15,-0.01475419,2
2020-03-16,-0.41070315,15
2020-03-17,-0.2725401,8
2020-03-18,-0.55293304,11
2020-03-19,-0.3051728,9
2020-03-20,-0.34657055,10
2020-03-21,-0.5672403,2
2020-03-22,-0.34206265,4
2020-03-23,-0.3006374,17
2020-03-24,-0.031614702,15
2020-03-25,-0.14527772,8
2020-03-26,-0.20473792,24
2020-03-27,-0.31541967,17
2020-03-28,-0.3093928,8
2020-03-29,-0.3229765,8
2020-03-30,-0.40785587,24
2020-03-31,-0.36198187,24
2020-04-01,-0.30020055,28
2020-04-02,-0.4345599,19
2020-04-03,-0.25770152,20
2020-04-04,-0.26674733,3
2020-04-05,0.026195923,6
2020-04-06,-0.33716902,24
2020-04-07,-0.2823983,22
2020-04-08,-0.3047915,19
2020-04-09,-0.39131296,25
2020-04-10,-0.37499118,12
2020-04-11,-0.5095433,4
2020-04-12,-0.6541724,4
2020-04-13,-0.16061272,13
2020-04-14,-0.21271344,17
2020-04-15,-0.33042446,15
2020-04-16,-0.2916666,22
2020-04-17,-0.31528023,21
2020-04-18,-0.8472041,2
2020-04-19,-0.37799639,7
2020-04-20,-0.39490527,20
2020-04-21,-0.2214085,21
2020-04-22,-0.6091418,13
2020-04-23,-0.39211446,15
2020-04-24,-0.45730618,16
2020-04-25,-0.51833355,2
2020-04-26,-0.80596733,6
2020-04-27,-0.22589146,21
2020-04-28,-0.4397922,12
2020-04-29,-0.20527658,20
2020-04-30,-0.22710884,14
2020-05-01,-0.33186513,18
2020-05-02,-0.5222618,10
2020-05-03,-0.7496338,5
2020-05-04,-0.32306975,32
2020-05-05,-0.33699468,11
2020-05-06,-0.0822593,14
2020-05-07,-0.31403828,19
2020-05-08,-0.25231916,25
2020-05-09,-0.5338064,10
2020-05-10,-0.43822417,2
2020-05-11,-0.29734343,16
2020-05-12,-0.6345098,12
2020-05-13,-0.44954157,12
2020-05-14,-0.12473772,12
2020-05-15,-0.7149123,7
2020-05-16,-0.8638086,3
2020-05-17,-0.87718976,1
2020-05-18,-0.63205254,5
2020-05-19,-0.3104283,7
2020-05-20,-0.32258618,12
2020-05-21,-0.49098498,15
2020-05-22,-0.7563456,10
2020-05-23,-0.18908446,3
2020-05-24,-0.2870435,4
2020-05-25,-0.2154926,3
2020-05-26,-0.37390223,11
2020-05-27,-0.27299276,14
2020-05-28,-0.2444397,14
2020-05-29,-0.50551105,21
2020-05-30,-0.8100685,2
2020-05-31,-0.34457242,2
2020-06-01,-0.45287526,15
2020-06-02,-0.13780786,21
2020-06-03,-0.38742998,16
2020-06-04,-0.4137901,21
2020-06-05,-0.24610014,20
2020-06-06,-0.7171273,3
2020-06-07,-0.40826434,4
2020-06-08,-0.50983196,19
2020-06-09,-0.40615207,26
2020-06-10,-0.5078432,24
2020-06-11,-0.496888,18
2020-06-12,-0.39733917,17
2020-06-13,-0.58961004,7
2020-06-14,-0.86216754,6
2020-06-15,-0.1837129,22
2020-06-16,-0.32293284,24
2020-06-17,-0.5703608,20
2020-06-18,-0.43228355,27
2020-06-19,-0.44440523,20
2020-06-20,-0.32285842,3
2020-06-21,-0.87308794,4
2020-06-22,-0.3519352,28
2020-06-23,-0.53029394,21
2020-06-24,-0.39713758,27
2020-06-25,-0.44148064,25
2020-06-26,-0.59051085,21
2020-06-27,-0.69282997,4
2020-06-28,-0.8936171,1
2020-06-29,-0.51212794,22
2020-06-30,-0.3414858,21
2020-07-01,-0.4417311,18
2020-07-02,-0.46895894,22
2020-07-03,-0.1117411,6
2020-07-04,-0.46479386,2
2020-07-05,-0.88151693,2
2020-07-06,-0.25759977,27
2020-07-07,-0.0056263586,26
2020-07-08,-0.3524408,14
2020-07-09,-0.36911294,18
2020-07-10,-0.45666713,16
2020-07-11,-0.5682871,5
2020-07-12,-0.61906374,4
2020-07-13,-0.15449108,18
2020-07-14,-0.35227886,17
2020-07-15,-0.36746323,43
2020-07-16,-0.5790744,52
2020-07-17,-0.43235877,22
2020-07-18,-0.599636,6
2020-07-19,-0.7631611,4
2020-07-20,-0.3383534,24
2020-07-21,-0.4749074,16
2020-07-22,-0.24851656,19
2020-07-23,-0.34205377,36
2020-07-24,-0.44579032,27
2020-07-25,-0.6579932,4
2020-07-26,0.05248164,5
2020-07-27,-0.29910412,27
2020-07-28,-0.33042413,23
2020-07-29,-0.512272,20
2020-07-30,-0.22306147,25
2020-07-31,-0.3792152,30
2020-08-01,-0.33516583,13
2020-08-02,-0.2219576,7
2020-08-03,-0.3452456,23
2020-08-04,-0.17527196,22
2020-08-05,-0.12399184,26
2020-08-06,-0.21016724,17
2020-08-07,-0.40041146,14
2020-08-08,-0.48236305,4
2020-08-09,-0.45425582,4
2020-08-10,-0.2980513,13
2020-08-11,-0.23623146,17
2020-08-12,-0.23813733,11
2020-08-13,-0.5132079,20
2020-08-14,-0.5075881,15
2020-08-15,-0.8557589,4
2020-08-16,-0.80930525,3
2020-08-17,-0.45995018,18
2020-08-18,-0.32024777,20
2020-08-19,-0.54150724,19
2020-08-20,-0.3770321,20
2020-08-21,-0.38557327,20
2020-08-22,0.0053387284,2
2020-08-23,-0.879676,2
2020-08-24,-0.27428877,16
2020-08-25,-0.6038282,8
2020-08-26,-0.53030354,14
2020-08-27,-0.28688455,23
2020-08-28,-0.33326906,20
2020-08-29,-0.4376704,4
2020-08-30,-0.89375013,6
2020-08-31,-0.45211995,17
2020-09-01,-0.08775016,16
2020-09-02,-0.2986473,19
2020-09-03,-0.26909086,18
2020-09-04,-0.23357773,10
2020-09-05,-0.53403115,3
2020-09-06,-0.6418176,4
2020-09-07,-0.16122752,13
2020-09-08,-0.44146064,12
2020-09-09,-0.3106069,16
2020-09-10,-0.2346681,17
2020-09-11,-0.47258028,17
2020-09-12,-0.7984044,3
2020-09-13,-0.89967966,3
2020-09-14,-0.38791537,17
2020-09-15,-0.33906013,26
2020-09-16,-0.30164102,12
2020-09-17,-0.3932259,19
2020-09-18,-0.2919287,15
2020-09-19,-0.86571866,5
2020-09-20,-0.8717207,7
2020-09-21,-0.31874657,30
2020-09-22,-0.26740488,15
2020-09-23,-0.27042073,14
2020-09-24,-0.4830475,20
2020-09-25,-0.33936507,17
2020-09-26,-0.7385837,7
2020-09-27,-0.826441,6
2020-09-28,-0.3709315,21
2020-09-29,-0.36603466,14
2020-09-30,-0.48405665,25
2020-10-01,-0.5539089,19
2020-10-02,-0.43350238,18
2020-10-03,-0.84239733,5
2020-10-04,-0.5646705,7
2020-10-05,-0.38570276,21
2020-10-06,-0.2461605,17
2020-10-07,-0.25849745,12
2020-10-08,-0.32084373,15
2020-10-09,-0.3698827,17
2020-10-10,-0.29260677,7
2020-10-11,-0.5433363,5
2020-10-12,-0.54293984,15
2020-10-13,-0.12535483,20
2020-10-14,-0.35082236,19
2020-10-15,-0.2411733,15
2020-10-16,-0.52134985,15
2020-10-17,-0.62236154,6
2020-10-18,-0.88056934,4
2020-10-19,-0.22392608,16
2020-10-20,-0.39141586,12
2020-10-21,-0.061072275,36
2020-10-22,-0.391485,28
2020-10-23,-0.24692822,29
2020-10-24,-0.4996461,5
2020-10-25,-0.4279134,6
2020-10-26,-0.27018467,24
2020-10-27,-0.3628168,23
2020-10-28,-0.28847775,18
2020-10-29,-0.38263568,22
2020-10-30,-0.41803476,23
2020-10-31,-0.5020886,7
2020-11-01,-0.6542614,8
2020-11-02,-0.12417837,18
2020-11-03,-0.27886048,15
2020-11-04,-0.17291932,19
2020-11-05,-0.07649997,21
2020-11-06,-0.23905237,26
2020-11-07,-0.6424566,5
2020-11-08,-0.30526745,11
2020-11-09,-0.4712628,23
2020-11-10,-0.3349625,18
2020-11-11,-0.3524197,14
2020-11-12,-0.3469985,20
2020-11-13,-0.30152228,24
2020-11-14,-0.42561537,4
2020-11-15,-0.49432912,7
2020-11-16,-0.19313538,25
2020-11-17,-0.19859628,30
2020-11-18,-0.2994291,35
2020-11-19,-0.23104917,33
2020-11-20,-0.2850451,26
2020-11-21,-0.36801237,9
2020-11-22,-0.38469768,6
2020-11-23,-0.21688704,25
2020-11-24,-0.3572857,26
2020-11-25,-0.24795659,24
2020-11-26,-0.32713193,23
2020-11-27,-0.26682717,22
2020-11-28,-0.6633918,6
2020-11-29,-0.4647347,8
2020-11-30,-0.19829589,38
2020-12-01,-0.23880783,23
2020-12-02,-0.22266768,25
2020-12-03,-0.2909686,20
2020-12-04,-0.30817312,22
2020-12-05,-0.3201323,12
2020-12-06,-0.39317796,9
2020-12-07,-0.29465196,31
2020-12-08,-0.4291627,35
2020-12-09,-0.3215419,29
2020-12-10,-0.4742241,25
2020-12-11,-0.38285312,22
2020-12-12,-0.857823,5
2020-12-13,-0.27647877,9
2020-12-14,-0.13935526,24
2020-12-15,-0.25965628,32
2020-12-16,-0.16353129,43
2020-12-17,-0.18070014,47
2020-12-18,-0.40717834,37
2020-12-19,-0.47614175,14
2020-12-20,-0.5730227,21
2020-12-21,-0.33438668,44
2020-12-22,-0.36363024,29
2020-12-23,-0.44336203,30
2020-12-24,-0.42253497,16
2020-12-25,-0.61117136,10
2020-12-26,-0.2746242,14
2020-12-27,0.09688135,16
2020-12-28,-0.3297064,18
2020-12-29,-0.43369874,29
2020-12-30,-0.31711003,38
2020-12-31,-0.23714522,37
2021-01-01,-0.3476209,8
2021-01-02,0.016499963,18
2021-01-03,-0.09772386,14
2021-01-04,-0.155082,72
2021-01-05,-0.1411678,42
2021-01-06,-0.12826505,62
2021-01-07,-0.042656988,61
2021-01-08,-0.08463375,65
2021-01-09,-0.32517248,20
2021-01-10,-0.4975181,11
2021-01-11,-0.20918518,68
2021-01-12,-0.23887917,39
2021-01-13,-0.45057106,51
2021-01-14,-0.19008236,60
2021-01-15,-0.39213923,47
2021-01-16,-0.13287246,12
2021-01-17,-0.6328897,8
2021-01-18,-0.3236337,25
2021-01-19,-0.36736262,32
2021-01-20,-0.27813742,35
2021-01-21,-0.34544018,37
2021-01-22,-0.1867903,45
2021-01-23,-0.6812385,9
2021-01-24,-0.47814938,7
2021-01-25,-0.29202324,40
2021-01-26,-0.37523133,42
2021-01-27,-0.33292326,54
2021-01-28,-0.19489688,43
2021-01-29,-0.28269958,64
2021-01-30,-0.4146864,12
2021-01-31,-0.25562415,14
2021-02-01,-0.3725427,43
2021-02-02,-0.19692068,46
2021-02-03,-0.2785713,41
2021-02-04,-0.26126623,37
2021-02-05,-0.4208113,45
2021-02-06,-0.3583221,11
2021-02-07,-0.6515912,11
2021-02-08,-0.18447566,93
2021-02-09,-0.19145933,72
2021-02-10,-0.38012937,64
2021-02-11,-0.27346653,70
2021-02-12,-0.3303399,67
2021-02-13,-0.47674614,20
2021-02-14,-0.22524121,15
2021-02-15,-0.10344884,36
2021-02-16,-0.1256351,80
2021-02-17,-0.2772789,67
2021-02-18,-0.2549653,65
2021-02-19,-0.14621855,81
2021-02-20,-0.08974878,24
2021-02-21,-0.32289904,20
2021-02-22,-0.30559984,70
2021-02-23,-0.16344774,94
2021-02-24,-0.21499506,68
2021-02-25,-0.2583231,55
2021-02-26,-0.34688684,60
2021-02-27,-0.5299798,15
2021-02-28,-0.20318383,18
2021-03-01,-0.14653675,68
2021-03-02,-0.24033608,62
2021-03-03,-0.22502857,133
2021-03-04,-0.4061394,60
2021-03-05,-0.36638436,69
2021-03-06,-0.46887222,10
2021-03-07,-0.20931171,13
2021-03-08,-0.44645303,55
2021-03-09,-0.25313786,58
2021-03-10,-0.3563955,52
2021-03-11,-0.17494304,51
2021-03-12,-0.36768398,62
2021-03-13,-0.0017199265,19
2021-03-14,-0.45196283,22
2021-03-15,-0.2888688,94
2021-03-16,-0.26493078,79
2021-03-17,-0.44091547,68
2021-03-18,-0.26841858,78
2021-03-19,-0.16890049,137
2021-03-20,-0.65329295,13
2021-03-21,-0.6136343,14
2021-03-22,-0.3826582,74
2021-03-23,-0.3252612,50
2021-03-24,-0.3950479,75
2021-03-25,-0.29962426,56
2021-03-26,-0.4445919,46
2021-03-27,-0.8286127,10
2021-03-28,-0.5161987,7
2021-03-29,-0.4924778,50
2021-03-30,-0.43251005,58
2021-03-31,-0.30927238,49
2021-04-01,-0.22686979,60
2021-04-02,-0.35618958,38
2021-04-03,-0.40268278,10
2021-04-04,-0.669688,12
2021-04-05,-0.19127807,141
2021-04-06,-0.28354895,85
2021-04-07,-0.39848423,50
2021-04-08,-0.32999915,59
2021-04-09,-0.37627748,46
2021-04-10,-0.10986447,15
2021-04-11,-0.3214505,14
2021-04-12,-0.27022502,50
2021-04-13,-0.18921387,70
2021-04-14,-0.24157682,75
2021-04-15,-0.16634758,65
2021-04-16,-0.42519364,70
2021-04-17,-0.4995737,18
2021-04-18,-0.25316486,24
2021-04-19,-0.20357868,85
2021-04-20,-0.45254332,84
2021-04-21,-0.4368892,57
2021-04-22,-0.29157895,131
2021-04-23,-0.3363245,76
2021-04-24,-0.43101126,18
2021-04-25,-0.45140183,13
2021-04-26,-0.3260889,60
2021-04-27,-0.34380847,74
2021-04-28,-0.28126472,57
2021-04-29,-0.41301155,59
2021-04-30,-0.37626943,48
2021-05-01,-0.23235853,16
2021-05-02,-0.48060474,24
2021-05-03,-0.34204257,50
2021-05-04,-0.30200896,42
2021-05-05,-0.31166124,45
2021-05-06,-0.20392483,49
2021-05-07,-0.47180685,45
2021-05-08,-0.57316643,8
2021-05-09,-0.48502186,13
2021-05-10,-0.45584214,52
2021-05-11,-0.1941076,137
2021-05-12,-0.2941634,63
2021-05-13,-0.33277124,120
2021-05-14,-0.25975376,81
2021-05-15,-0.3495217,20
2021-05-16,-0.3773253,25
2021-05-17,-0.26276356,86
2021-05-18,-0.3257361,86
2021-05-19,-0.29171935,102
2021-05-20,-0.25799745,98
2021-05-21,-0.25386548,76
2021-05-22,-0.47596934,31
2021-05-23,-0.3765699,32
2021-05-24,-0.15553486,125
2021-05-25,-0.2402092,159
2021-05-26,-0.26546586,97
2021-05-27,-0.16710848,128
2021-05-28,-0.33079618,72
2021-05-29,-0.43738306,18
2021-05-30,-0.36270455,20
2021-05-31,-0.30074304,51
2021-06-01,-0.36799595,56
2021-06-02,-0.30600142,59
2021-06-03,-0.3075188,79
2021-06-04,-0.48435494,70
2021-06-05,-0.39240402,29
2021-06-06,-0.45187345,20
2021-06-07,-0.3633668,91
2021-06-08,-0.31530273,90
2021-06-09,-0.31627846,101
2021-06-10,-0.3586925,160
2021-06-11,-0.48396793,73
2021-06-12,-0.4906216,23
2021-06-13,-0.04113985,21
2021-06-14,-0.09701153,193
2021-06-15,-0.46721464,62
2021-06-16,-0.45346248,61
2021-06-17,-0.4539011,69
2021-06-18,-0.41549283,58
2021-06-19,-0.5252452,15
2021-06-20,-0.45002708,16
2021-06-21,-0.26473546,94
2021-06-22,-0.012303394,107
2021-06-23,-0.27908808,80
2021-06-24,-0.40300906,81
2021-06-25,-0.35756633,84
2021-06-26,-0.3738026,18
2021-06-27,-0.4330143,17
2021-06-28,-0.13288817,157
2021-06-29,-0.3607942,65
2021-06-30,-0.30392396,114
2021-07-01,-0.20962131,64
2021-07-02,-0.33928475,52
2021-07-03,-0.2958584,12
2021-07-04,-0.29716393,13
2021-07-05,-0.30855256,36
2021-07-06,-0.41489142,69
2021-07-07,-0.24036945,59
2021-07-08,-0.42582816,74
2021-07-09,-0.31467512,64
2021-07-10,-0.48671257,15
2021-07-11,-0.39568418,10
2021-07-12,-0.35660303,65
2021-07-13,-0.28273305,68
2021-07-14,-0.2928902,59
2021-07-15,-0.45840016,73
2021-07-16,-0.191043,70
2021-07-17,-0.65408,11
2021-07-18,-0.29481497,12
2021-07-19,-0.28834343,59
2021-07-20,-0.3312037,81
2021-07-21,-0.3306626,69
2021-07-22,-0.25312573,70
2021-07-23,-0.37757173,52
2021-07-24,-0.39207155,11
2021-07-25,-0.478044,14
2021-07-26,-0.13598967,95
2021-07-27,-0.062182084,62
2021-07-28,-0.24275391,71
2021-07-29,-0.40991965,46
2021-07-30,-0.34684706,45
2021-07-31,-0.39007613,14
2021-08-01,-0.44258478,15
2021-08-02,-0.31567463,70
2021-08-03,-0.24354422,58
2021-08-04,-0.27514672,57
2021-08-05,-0.27347213,56
2021-08-06,-0.17626373,47
2021-08-07,-0.16688408,11
2021-08-08,-0.5037388,13
2021-08-09,-0.11351415,71
2021-08-10,-0.4057401,52
2021-08-11,-0.23317479,73
2021-08-12,-0.31072715,42
2021-08-13,-0.3180185,35
2021-08-14,-0.46501586,11
2021-08-15,-0.29314837,15
2021-08-16,-0.42116663,61
2021-08-17,-0.36291108,41
2021-08-18,-0.36666107,66
2021-08-19,-0.36025384,51
2021-08-20,-0.2483124,71
2021-08-21,-0.62196,12
2021-08-22,-0.5540286,11
2021-08-23,-0.2590278,96
2021-08-24,-0.32118458,73
2021-08-25,-0.23505528,69
2021-08-26,-0.3672696,46
2021-08-27,-0.3521134,53
2021-08-28,-0.63877696,7
2021-08-29,-0.5739198,7
2021-08-30,-0.33166945,35
2021-08-31,-0.15762776,43
2021-09-01,-0.32182965,48
2021-09-02,-0.26406696,55
2021-09-03,-0.36042097,47
2021-09-04,-0.82596123,5
2021-09-05,-0.31287205,9
2021-09-06,-0.20842215,36
2021-09-07,-0.31246603,64
2021-09-08,-0.21722889,69
2021-09-09,-0.23401006,58
2021-09-10,-0.23193027,49
2021-09-11,-0.35070202,11
2021-09-12,-0.6320065,6
2021-09-13,-0.4845217,42
2021-09-14,-0.14511436,34
2021-09-15,-0.36720386,38
2021-09-16,-0.30553472,36
2021-09-17,-0.55133104,33
2021-09-18,-0.58940977,8
2021-09-19,-0.6397743,10
2021-09-20,-0.29917085,65
2021-09-21,-0.1873856,51
2021-09-22,-0.012654479,47
2021-09-23,-0.34553558,52
2021-09-24,-0.2651605,91
2021-09-25,-0.67710453,9
2021-09-26,-0.3082971,9
2021-09-27,-0.17906734,50
2021-09-28,-0.19325736,59
2021-09-29,-0.27618754,43
2021-09-30,-0.33554855,71
2021-10-01,-0.1094022,61
2021-10-02,-0.6893977,9
2021-10-03,-0.34714696,11
2021-10-04,-0.1524611,58
2021-10-05,-0.025584733,93
2021-10-06,-0.32094204,70
2021-10-07,-0.32172164,73
2021-10-08,-0.28495222,65
2021-10-09,-0.39471328,9
2021-10-10,-0.54185086,7
2021-10-11,-0.26069874,62
2021-10-12,-0.16584422,52
2021-10-13,-0.22882338,57
2021-10-14,-0.33444777,58
2021-10-15,-0.10039105,74
2021-10-16,-0.35624433,23
2021-10-17,-0.36768678,13
2021-10-18,-0.2672445,96
2021-10-19,-0.1277856,115
2021-10-20,0.00014522597,121
2021-10-21,-0.08739042,120
2021-10-22,-0.4061786,68
2021-10-23,-0.49755085,8
2021-10-24,-0.43346378,13
2021-10-25,-0.15073231,72
2021-10-26,-0.32380164,71
2021-10-27,-0.26638255,67
2021-10-28,-0.30958575,70
2021-10-29,-0.2127599,80
2021-10-30,-0.3601443,8
2021-10-31,-0.35283726,21
2021-11-01,-0.17116082,85
2021-11-02,-0.21773203,94
2021-11-03,-0.24492428,102
2021-11-04,-0.32021558,71
2021-11-05,-0.19134036,66
2021-11-06,-0.4694809,11
2021-11-07,-0.2889492,13
2021-11-08,-0.0040391246,110
2021-11-09,-0.18638806,98
2021-11-10,-0.16626124,109
2021-11-11,-0.31876543,60
2021-11-12,-0.25333148,85
2021-11-13,-0.40214953,16
2021-11-14,-0.3465385,17
2021-11-15,-0.23251557,86
2021-11-16,-0.16323365,105
2021-11-17,-0.19153228,87
2021-11-18,-0.30405134,95
2021-11-19,-0.17686576,82
2021-11-20,-0.6884391,14
2021-11-21,-0.39315677,23
2021-11-22,-0.2246378,113
2021-11-23,-0.36521944,80
2021-11-24,-0.31645805,74
2021-11-25,-0.36708766,38
2021-11-26,-0.31587067,54
2021-11-27,-0.6010767,14
2021-11-28,-0.2770587,21
2021-11-29,-0.27208892,102
2021-11-30,-0.34742683,82
2021-12-01,-0.33271524,61
2021-12-02,-0.28631216,72
2021-12-03,-0.33383945,69
2021-12-04,-0.39300206,21
2021-12-05,-0.30326283,26
2021-12-06,-0.1566628,109
2021-12-07,-0.2599747,74
2021-12-08,-0.21691118,67
2021-12-09,-0.3571459,65
2021-12-10,-0.17253523,51
2021-12-11,-0.6078208,14
2021-12-12,-0.27104896,14
2021-12-13,-0.381825,59
2021-12-14,-0.30469596,57
2021-12-15,-0.06545241,55
2021-12-16,-0.49227604,35
2021-12-17,-0.26753366,52
2021-12-18,-0.5069201,10
2021-12-19,-0.3853388,17
2021-12-20,-0.24242163,73
2021-12-21,-0.20597766,79
2021-12-22,-0.2563126,71
2021-12-23,-0.25591615,67
2021-12-24,-0.63863945,37
2021-12-25,-0.69599944,6
2021-12-26,-0.49072725,14
2021-12-27,-0.12678751,50
2021-12-28,-0.08676781,51
2021-12-29,-0.234397,58
2021-12-30,-0.22078605,51
2021-12-31,-0.24632803,35
2022-01-01,-0.53263694,8
2022-01-02,-0.31943423,8
2022-01-03,-0.28344586,61
2022-01-04,-0.22029757,78
2022-01-05,-0.18045035,77
2022-01-06,-0.29690054,95
2022-01-07,-0.1632394,84
2022-01-08,-0.5588772,9
2022-01-09,-0.2511079,15
2022-01-10,-0.26007357,101
2022-01-11,-0.2449823,95
2022-01-12,-0.24727221,109
2022-01-13,-0.28494316,91
2022-01-14,-0.31757894,102
2022-01-15,-0.30908707,10
2022-01-16,-0.19088173,16
2022-01-17,-0.16619568,62
2022-01-18,-0.29600328,110
2022-01-19,-0.31369022,119
2022-01-20,-0.37726274,112
2022-01-21,-0.37880805,122
2022-01-22,-0.22526348,21
2022-01-23,-0.47265992,16
2022-01-24,-0.31144524,128
2022-01-25,-0.40557918,142
2022-01-26,-0.43679914,125
2022-01-27,-0.30082968,119
2022-01-28,-0.40833202,82
2022-01-29,-0.3917898,20
2022-01-30,-0.013752167,19
2022-01-31,-0.34233403,108
2022-02-01,-0.31826878,134
2022-02-02,-0.41792816,120
2022-02-03,-0.2993024,95
2022-02-04,-0.1975525,104
2022-02-05,-0.3774524,13
2022-02-06,-0.31440744,17
2022-02-07,-0.19055346,120
2022-02-08,-0.40767196,132
2022-02-09,-0.18518573,100
2022-02-10,-0.20962314,77
2022-02-11,-0.19876346,85
2022-02-12,-0.43737742,11
2022-02-13,-0.3781814,14
2022-02-14,-0.25074765,93
2022-02-15,-0.19174755,100
2022-02-16,-0.3804695,83
2022-02-17,-0.29107478,81
2022-02-18,-0.2795254,61
2022-02-19,-0.39101177,10
2022-02-20,-0.44610846,15
2022-02-21,-0.005166202,66
2022-02-22,-0.20554909,74
2022-02-23,-0.26926482,55
2022-02-24,-0.17424262,98
2022-02-25,-0.023013389,66
2022-02-26,-0.17602989,13
2022-02-27,-0.24005653,13
2022-02-28,-0.17778714,81
2022-03-01,-0.045955654,108
2022-03-02,-0.21459092,90
2022-03-03,-0.17785583,99
2022-03-04,-0.199129,89
2022-03-05,-0.48316726,10
2022-03-06,-0.2953766,13
2022-03-07,-0.24908508,66
2022-03-08,-0.32237524,72
2022-03-09,-0.18200941,112
2022-03-10,-0.2572821,82
2022-03-11,-0.25030223,76
2022-03-12,-0.49423724,11
2022-03-13,-0.09132458,8
2022-03-14,-0.17404369,89
2022-03-15,-0.30191714,91
2022-03-16,-0.05898184,75
2022-03-17,-0.26368383,73
2022-03-18,-0.2168706,51
2022-03-19,-0.48884225,5
2022-03-20,-0.4314026,8
2022-03-21,-0.3283729,82
2022-03-22,-0.22834317,91
2022-03-23,-0.26240563,81
2022-03-24,-0.20767511,72
2022-03-25,-0.21850769,71
2022-03-26,-0.50660366,11
2022-03-27,-0.24185337,11
2022-03-28,-0.081916474,81
2022-03-29,-0.20502625,123
2022-03-30,-0.32469788,74
2022-03-31,-0.21934815,90
2022-04-01,-0.4041244,73
2022-04-02,-0.6227186,8
2022-04-03,-0.36071742,13
2022-04-04,-0.38562414,106
2022-04-05,-0.25314215,127
2022-04-06,-0.30615926,95
2022-04-07,-0.27175108,118
2022-04-08,-0.27354157,123
2022-04-09,-0.4997495,13
2022-04-10,-0.6284549,11
2022-04-11,-0.18326323,134
2022-04-12,-0.32487854,99
2022-04-13,-0.26891887,95
2022-04-14,-0.42039055,57
2022-04-15,-0.39567766,38
2022-04-16,-0.63177687,5
2022-04-17,-0.5292154,6
2022-04-18,-0.16084656,61
2022-04-19,-0.1691213,89
2022-04-20,-0.20729913,74
2022-04-21,-0.24673942,80
2022-04-22,-0.29739073,56
2022-04-23,-0.34712994,8
2022-04-24,-0.6761886,7
2022-04-25,-0.21578477,76
2022-04-26,-0.24064349,89
2022-04-27,-0.30391625,75
2022-04-28,-0.3005008,93
2022-04-29,-0.39547765,72
2022-04-30,-0.31111276,11
2022-05-01,-0.33747828,12
2022-05-02,-0.387015,67
2022-05-03,-0.2539081,67
2022-05-04,-0.34353644,77
2022-05-05,-0.30128917,80
2022-05-06,-0.30750826,81
2022-05-07,-0.4548164,9
2022-05-08,-0.2592047,19
2022-05-09,-0.2168715,121
2022-05-10,-0.23216526,108
2022-05-11,-0.25802162,92
2022-05-12,-0.3088061,127
2022-05-13,-0.34256276,96
2022-05-14,-0.560205,17
2022-05-15,-0.5604996,16
2022-05-16,-0.32748803,113
2022-05-17,-0.29256898,85
2022-05-18,-0.22806254,66
2022-05-19,-0.20733194,76
2022-05-20,-0.23675998,73
2022-05-21,-0.6954415,10
2022-05-22,-0.47775322,16
2022-05-23,-0.476881,67
2022-05-24,-0.4004044,64
2022-05-25,-0.3470906,75
2022-05-26,-0.2827081,72
2022-05-27,-0.31715405,49
2022-05-28,-0.44379655,28
2022-05-29,-0.42790973,23
2022-05-30,-0.19765918,38
2022-05-31,-0.12773766,65
2022-06-01,-0.41448653,66
2022-06-02,-0.27056262,60
2022-06-03,-0.26728097,76
2022-06-04,-0.48451748,12
2022-06-05,-0.32179242,17
2022-06-06,-0.2840128,77
2022-06-07,-0.32682285,85
2022-06-08,-0.39316228,88
2022-06-09,-0.408646,52
2022-06-10,-0.34386235,79
2022-06-11,-0.42211434,25
2022-06-12,-0.46321586,17
2022-06-13,-0.23089226,164
2022-06-14,-0.14021125,133
2022-06-15,-0.22418623,119
2022-06-16,-0.2900966,86
2022-06-17,-0.27490973,94
2022-06-18,-0.15235797,30
2022-06-19,0.058071475,26
2022-06-20,-0.21578503,68
2022-06-21,-0.15561737,87
2022-06-22,-0.2629709,94
2022-06-23,-0.14105667,58
2022-06-24,-0.3372065,51
2022-06-25,-0.06072979,8
2022-06-26,-0.36470282,8
2022-06-27,-0.3018224,82
2022-06-28,-0.3695491,69
2022-06-29,-0.3273222,64
2022-06-30,-0.2690054,103
2022-07-01,-0.30702028,82
2022-07-02,-0.48202628,11
2022-07-03,-0.08756388,12
2022-07-04,-0.19502826,31
2022-07-05,-0.25730923,72
2022-07-06,-0.23501526,69
2022-07-07,-0.29803625,67
2022-07-08,-0.046238784,61
2022-07-09,-0.1252267,18
2022-07-10,-0.37625477,11
2022-07-11,-0.09509344,67
2022-07-12,-0.41465294,76
2022-07-13,-0.39215374,62
2022-07-14,-0.21722779,62
2022-07-15,-0.3307409,42
2022-07-16,-0.30609214,8
2022-07-17,-0.3986231,18
2022-07-18,-0.16366348,62
2022-07-19,-0.20344995,77
2022-07-20,-0.11748579,74
2022-07-21,-0.23724604,71
2022-07-22,-0.21105385,92
2022-07-23,-0.3992938,5
2022-07-24,-0.54223406,13
2022-07-25,-0.32795644,62
2022-07-26,-0.22656192,54
2022-07-27,-0.2865708,56
2022-07-28,-0.2423811,47
2022-07-29,-0.281497,53
2022-07-30,0.11639778,8
2022-07-31,-0.43168303,6
2022-08-01,-0.28534713,62
2022-08-02,-0.24037005,50
2022-08-03,-0.28656307,54
2022-08-04,-0.11308577,46
2022-08-05,-0.28469893,39
2022-08-06,-0.31332126,3
2022-08-07,-0.5141055,7
2022-08-08,-0.16536768,68
2022-08-09,-0.40247357,47
2022-08-10,-0.18381459,57
2022-08-11,-0.20238692,45
2022-08-12,-0.20912428,48
2022-08-13,-0.8426153,5
2022-08-14,-0.07591515,6
2022-08-15,-0.36143202,51
2022-08-16,-0.17739812,43
2022-08-17,-0.37537357,50
2022-08-18,-0.28750885,44
2022-08-19,-0.22010832,60
2022-08-20,-0.3801035,4
2022-08-21,-0.3392144,5
2022-08-22,-0.32182014,44
2022-08-23,-0.30560377,39
2022-08-24,-0.30785003,43
2022-08-25,-0.23762877,45
2022-08-26,-0.34560275,42
2022-08-27,-0.2514099,4
2022-08-28,-0.4515423,2
2022-08-29,-0.318198,44
2022-08-30,-0.27111307,52
2022-08-31,-0.108615816,46
2022-09-01,-0.33231586,51
2022-09-02,-0.34227094,47
2022-09-03,-0.40779486,7
2022-09-04,0.30684057,2
2022-09-05,0.028684743,15
2022-09-06,-0.18540588,44
2022-09-07,-0.3097657,59
2022-09-08,-0.42656246,49
2022-09-09,-0.18377475,54
2022-09-10,-0.80460733,2
2022-09-11,-0.776155,8
2022-09-12,-0.26573786,59
2022-09-13,-0.29563987,63
2022-09-14,-0.15364459,60
2022-09-15,-0.19809136,59
2022-09-16,-0.29882985,50
2022-09-17,-0.68620884,4
2022-09-18,-0.46314368,3
2022-09-19,-0.27725485,73
2022-09-20,-0.22516228,59
2022-09-21,-0.3667188,67
2022-09-22,-0.24553764,61
2022-09-23,-0.30433312,43
2022-09-24,-0.5546749,6
2022-09-25,-0.042134482,3
2022-09-26,-0.31744486,51
2022-09-27,-0.14826427,84
2022-09-28,-0.28278497,47
2022-09-29,-0.28703484,93
2022-09-30,-0.25587356,63
2022-10-01,-0.52408046,8
2022-10-02,-0.41721386,4
2022-10-03,-0.25353742,53
2022-10-04,-0.19042432,49
2022-10-05,-0.26234144,40
2022-10-06,-0.28332204,42
2022-10-07,-0.27505872,40
2022-10-08,-0.5932405,4
2022-10-09,-0.54644924,8
2022-10-10,-0.1584989,47
2022-10-11,-0.40441245,51
2022-10-12,-0.36442128,69
2022-10-13,-0.22442421,65
2022-10-14,-0.35394338,49
2022-10-15,-0.44812372,4
2022-10-16,-0.76718855,7
2022-10-17,-0.2619821,51
2022-10-18,-0.19921345,43
2022-10-19,-0.42574945,69
2022-10-20,-0.39907882,57
2022-10-21,-0.3341924,41
2022-10-22,-0.5672764,6
2022-10-23,-0.33063594,6
2022-10-24,-0.23109631,59
2022-10-25,-0.18545899,72
2022-10-26,-0.2526795,74
2022-10-27,-0.35079047,48
2022-10-28,-0.3243333,60
2022-10-29,-0.4322821,8
2022-10-30,-0.58271676,7
2022-10-31,-0.33909303,57
2022-11-01,-0.28200012,79
2022-11-02,-0.30935696,84
2022-11-03,-0.3043218,76
2022-11-04,-0.20046984,103
2022-11-05,-0.21835034,28
2022-11-06,-0.2539903,35
2022-11-07,-0.348246,81
2022-11-08,-0.34253672,88
2022-11-09,-0.22782412,99
2022-11-10,-0.20984523,106
2022-11-11,-0.27411896,100
2022-11-12,-0.3042639,16
2022-11-13,-0.60345477,21
2022-11-14,-0.27098313,121
2022-11-15,-0.22037536,72
2022-11-16,-0.31903133,63
2022-11-17,-0.25518963,70
2022-11-18,-0.22443925,49
2022-11-19,-0.37640136,15
2022-11-20,-0.465438,9
2022-11-21,-0.42509934,63
2022-11-22,-0.25901094,63
2022-11-23,-0.26716822,63
2022-11-24,-0.2985299,31
2022-11-25,-0.47383648,36
2022-11-26,-0.33912838,9
2022-11-27,-0.40387684,9
2022-11-28,-0.35993633,58
2022-11-29,-0.39346054,47
2022-11-30,-0.20008898,67
2022-12-01,-0.2684293,35
2022-12-02,-0.39526916,41
2022-12-03,-0.48412085,8
2022-12-04,-0.5751121,3
2022-12-05,-0.3567867,54
2022-12-06,-0.25261697,56
2022-12-07,-0.42916882,47
2022-12-08,-0.35182497,39
2022-12-09,-0.35411188,39
2022-12-10,0.2368907,1
2022-12-11,-0.5612452,9
2022-12-12,-0.2436504,55
2022-12-13,-0.35800052,77
2022-12-14,-0.12175748,58
2022-12-15,-0.34581962,48
2022-12-16,-0.40926966,47
2022-12-17,-0.45896897,6
2022-12-18,-0.5152145,6
2022-12-19,-0.29999736,45
2022-12-20,-0.23175594,50
2022-12-21,-0.13948506,51
2022-12-22,-0.3824062,53
2022-12-23,-0.44292805,31
2022-12-24,-0.44440135,11
2022-12-25,-0.6547163,10
2022-12-26,-0.41200757,18
2022-12-27,-0.38623697,32
2022-12-28,-0.26462978,40
2022-12-29,-0.36906606,42
2022-12-30,-0.37799913,34
2022-12-31,-0.24619007,7
2023-01-01,-0.7408908,3
2023-01-02,-0.16177303,13
2023-01-03,-0.20187967,38
2023-01-04,-0.34653434,43
2023-01-05,-0.1719158,43
2023-01-06,-0.36715004,35
2023-01-07,-0.3599591,9
2023-01-08,-0.382152,6
2023-01-09,-0.19273235,39
2023-01-10,-0.18910198,51
2023-01-11,-0.25743684,49
2023-01-12,-0.16755475,62
2023-01-13,-0.18862495,47
2023-01-14,0.013622228,15
2023-01-15,-0.59988,6
2023-01-16,-0.14386496,37
2023-01-17,-0.2828339,64
2023-01-18,-0.3173478,64
2023-01-19,-0.33910644,64
2023-01-20,-0.14864276,47
2023-01-21,-0.1368058,13
2023-01-22,-0.37303808,9
2023-01-23,-0.15311149,56
2023-01-24,-0.16886553,73
2023-01-25,-0.298062,57
2023-01-26,-0.2871306,42
2023-01-27,-0.25388753,40
2023-01-28,-0.62293684,4
2023-01-29,-0.07930408,6
2023-01-30,-0.1681145,38
2023-01-31,-0.07250032,62
2023-02-01,-0.119173296,53
2023-02-02,-0.22287004,45
2023-02-03,-0.30468714,44
2023-02-04,0.07186894,2
2023-02-05,-0.68693113,6
2023-02-06,-0.24438332,46
2023-02-07,-0.15184468,72
2023-02-08,-0.23054588,57
2023-02-09,-0.34746283,54
2023-02-10,-0.37146854,50
2023-02-11,-0.39816767,7
2023-02-12,-0.31821415,4
2023-02-13,-0.2611434,37
2023-02-14,-0.29844892,30
2023-02-15,-0.3346487,33
2023-02-16,-0.03832794,48
2023-02-17,-0.35474527,33
2023-02-18,-0.26613915,8
2023-02-19,-0.2937076,3
2023-02-20,-0.1366704,24
2023-02-21,-0.12154645,45
2023-02-22,-0.24553525,34
2023-02-23,-0.19912615,45
2023-02-24,-0.37536958,34
2023-02-25,-0.40240368,6
2023-02-26,-0.7675964,3
2023-02-27,-0.15721995,25
2023-02-28,-0.2757347,36
2023-03-01,-0.2942105,33
2023-03-02,-0.16785024,56
2023-03-03,-0.08067067,42
2023-03-04,-0.013827543,3
2023-03-05,-0.85946196,3
2023-03-06,-0.1940867,44
2023-03-07,-0.41503012,54
2023-03-08,-0.33371395,38
2023-03-09,-0.2323221,66
2023-03-10,-0.29323888,49
2023-03-11,-0.40741456,8
2023-03-12,-0.28483886,4
2023-03-13,-0.23717776,80
2023-03-14,-0.044940013,49
2023-03-15,-0.21543007,43
2023-03-16,-0.30168682,31
2023-03-17,0.05193515,38
2023-03-18,-0.75630194,1
2023-03-19,-0.18031025,7
2023-03-20,-0.11478956,58
2023-03-21,-0.2093225,50
2023-03-22,-0.21321313,53
2023-03-23,-0.0573742,52
2023-03-24,-0.3529483,53
2023-03-25,-0.27464798,5
2023-03-26,-0.3426057,10
2023-03-27,-0.20429541,63
2023-03-28,-0.28840634,57
2023-03-29,-0.027012344,58
2023-03-30,-0.18269138,43
2023-03-31,-0.41922188,50
2023-04-01,-0.53613055,8
2023-04-02,-0.37758645,4
2023-04-03,-0.19403918,46
2023-04-04,-0.20159392,62
2023-04-05,-0.313858,65
2023-04-06,-0.35243365,42
2023-04-07,-0.34146786,24
2023-04-08,-0.67390764,4
2023-04-09,-0.691106,6
2023-04-10,-0.2564957,34
2023-04-11,-0.015147645,81
2023-04-12,-0.2517724,81
2023-04-13,-0.3414832,55
2023-04-14,-0.21250658,35
2023-04-15,-0.44407386,8
2023-04-16,0.020895671,10
2023-04-17,-0.14510176,48
2023-04-18,-0.24477264,40
2023-04-19,-0.38958636,41
2023-04-20,-0.35232505,37
2023-04-21,-0.2749434,53
2023-04-22,-0.25278714,6
2023-04-23,-0.8697169,3
2023-04-24,-0.3048915,49
2023-04-25,-0.18515716,45
2023-04-26,-0.26555386,50
2023-04-27,-0.17700501,72
2023-04-28,-0.053371325,61
2023-04-29,-0.018767372,10
2023-04-30,-0.5486489,7
2023-05-01,-0.33922496,35
2023-05-02,-0.29272887,46
2023-05-03,-0.25331995,63
2023-05-04,-0.20771115,52
2023-05-05,-0.1428706,52
2023-05-06,-0.08235229,11
2023-05-07,-0.41076812,20
2023-05-08,-0.20760779,59
2023-05-09,-0.35267317,54
2023-05-10,-0.37030742,52
2023-05-11,-0.24777663,48
2023-05-12,-0.20198932,37
2023-05-13,-0.40012246,11
2023-05-14,-0.74767303,3
2023-05-15,-0.21512118,45
2023-05-16,-0.29228318,52
2023-05-17,-0.29886854,46
2023-05-18,-0.20529051,48
2023-05-19,-0.3250516,42
2023-05-20,-0.56707543,8
2023-05-21,-0.5103944,8
2023-05-22,-0.23713179,38
2023-05-23,-0.21705334,42
2023-05-24,-0.3173836,50
2023-05-25,-0.29846576,57
2023-05-26,-0.34628624,40
2023-05-27,-0.13565002,11
2023-05-28,-0.445739,4
2023-05-29,-0.3243989,24
2023-05-30,-0.3621995,46
2023-05-31,-0.3287308,44
2023-06-01,-0.2523312,50
2023-06-02,-0.2291205,41
2023-06-03,-0.14766528,7
2023-06-04,-0.8670776,2
2023-06-05,-0.24129394,60
2023-06-06,-0.23489004,68
2023-06-07,-0.32004085,54
2023-06-08,-0.42470905,32
2023-06-09,-0.22669077,27
2023-06-10,-0.4069528,5
2023-06-11,-0.12291762,6
2023-06-12,-0.22030245,27
2023-06-13,-0.38077095,45
2023-06-14,-0.25331277,36
2023-06-15,-0.3786121,52
2023-06-16,-0.37810916,35
2023-06-17,-0.21753997,3
2023-06-18,-0.6367964,4
2023-06-19,0.03175114,22
2023-06-20,-0.21837197,46
2023-06-21,-0.09780693,70
2023-06-22,-0.061881,42
2023-06-23,-0.065657325,34
2023-06-24,-0.10718646,5
2023-06-25,-0.31052682,6
2023-06-26,-0.10248357,48
2023-06-27,-0.27220413,51
2023-06-28,-0.2177494,45
2023-06-29,-0.21362942,41
2023-06-30,-0.10427342,42
2023-07-01,0.05453516,6
2023-07-02,-0.34742007,6
2023-07-03,-0.1486552,33
2023-07-04,-0.12191454,17
2023-07-05,-0.10711291,42
2023-07-06,-0.06319458,53
2023-07-07,-0.25577962,33
2023-07-08,-0.35170773,9
2023-07-09,-0.36778924,6
2023-07-10,-0.2152863,50
2023-07-11,-0.21135598,47
2023-07-12,-0.22863568,46
2023-07-13,-0.26086533,45
2023-07-14,-0.08084388,30
2023-07-15,-0.10588251,8
2023-07-16,-0.30124888,6
2023-07-17,-0.3202959,32
2023-07-18,-0.34492877,33
2023-07-19,-0.030916667,38
2023-07-20,-0.16530485,38
2023-07-21,-0.24240674,26
2023-07-22,-0.07831525,3
2023-07-23,-0.25062495,4
2023-07-24,-0.35137364,32
2023-07-25,-0.22293364,37
2023-07-26,-0.31040555,42
2023-07-27,-0.11447084,36
2023-07-28,-0.27125716,32
2023-07-29,-0.010555108,6
2023-07-30,-0.88486665,1
2023-07-31,-0.34233376,34
2023-08-01,-0.29111898,37
2023-08-02,-0.19855107,46
2023-08-03,-0.3130853,45
2023-08-04,-0.23667297,37
2023-08-05,-0.33634686,8
2023-08-06,-0.71674615,3
2023-08-07,-0.44145688,33
2023-08-08,-0.3914233,34
2023-08-09,-0.30634204,33
2023-08-10,-0.34643066,25
2023-08-11,-0.20908758,30
2023-08-12,0.023206921,2
2023-08-13,-0.07316007,2
2023-08-14,-0.24766076,27
2023-08-15,-0.34971088,20
2023-08-16,-0.21290407,26
2023-08-17,-0.11471106,20
2023-08-18,-0.19719253,30
2023-08-19,0.00043051038,6
2023-08-20,-0.7717749,1
2023-08-21,-0.06453511,25
2023-08-22,-0.2722687,15
2023-08-23,-0.2130115,35
2023-08-24,-0.039450962,33
2023-08-25,-0.23250441,22
2023-08-26,0.08484211,3
2023-08-27,-0.596876,2
2023-08-28,-0.08753841,18
2023-08-29,-0.095517226,55
2023-08-30,-0.19812576,35
2023-08-31,-0.26379952,31
2023-09-01,-0.2083902,39
2023-09-02,-0.25051618,5
2023-09-03,-0.770992,4
2023-09-04,0.02578947,14
2023-09-05,-0.4022834,27
2023-09-06,-0.25492784,33
2023-09-07,-0.24870928,28
2023-09-08,-0.28901058,27
2023-09-09,-0.2799287,3
2023-09-10,-0.12969482,1
2023-09-11,-0.39470544,14
2023-09-12,-0.28083432,40
2023-09-13,-0.29010892,27
2023-09-14,0.07668061,19
2023-09-15,-0.07152276,17
2023-09-16,-0.027436357,1
2023-09-17,-0.5213186,6
2023-09-18,-0.10358804,29
2023-09-19,-0.12989809,24
2023-09-20,-0.028231606,42
2023-09-21,-0.18982081,37
2023-09-22,-0.09062757,28
2023-09-23,-0.39912215,3
2023-09-24,-0.44094294,2
2023-09-25,-0.18424655,29
2023-09-26,-0.14929685,22
2023-09-27,-0.25185052,24
2023-09-28,-0.44881237,33
2023-09-29,-0.36613083,23
2023-09-30,-0.2739903,10
2023-10-02,-0.41029486,29
2023-10-03,-0.21394587,29
2023-10-04,-0.47297686,27
2023-10-05,-0.34790298,28
2023-10-06,-0.23478699,19
2023-10-07,-0.20284224,6
2023-10-08,-0.19920382,2
2023-10-09,-0.11028369,16
2023-10-10,-0.021112084,22
2023-10-11,-0.30602267,25
2023-10-12,-0.25533128,29
2023-10-13,-0.24130015,20
2023-10-14,-0.38263214,4
2023-10-15,-0.7606207,1
2023-10-16,-0.16071065,39
2023-10-17,-0.07707007,26
2023-10-18,-0.019341642,10
2023-10-19,-0.4029739,18
2023-10-20,-0.035868585,23
2023-10-21,-0.769521,3
2023-10-22,-0.3381508,2
2023-10-23,-0.44037458,19
2023-10-24,-0.044014536,61
2023-10-25,0.1266899,43
2023-10-26,0.074106075,27
2023-10-27,-0.05902089,22
2023-10-28,-0.4691668,7
2023-10-29,-0.74561554,3
2023-10-30,-0.3291059,21
2023-10-31,-0.1669083,27
2023-11-01,-0.6961598,14
2023-11-02,-0.24393904,42
2023-11-03,-0.24227929,35
2023-11-04,-0.41540083,3
2023-11-05,-0.6419313,2
2023-11-06,-0.5573099,23
2023-11-07,-0.23342226,22
2023-11-08,-0.24025829,26
2023-11-09,-0.12738186,39
2023-11-10,-0.21928184,34
2023-11-11,-0.031274777,6
2023-11-12,-0.88745683,1
2023-11-13,-0.39068693,26
2023-11-14,-0.4367516,29
2023-11-15,-0.22549187,32
2023-11-16,-0.12788306,24
2023-11-17,-0.6536194,25
2023-11-18,0.1072294,4
2023-11-19,-0.780141,1
2023-11-20,-0.4619616,21
2023-11-21,-0.39383513,20
2023-11-22,-0.113422975,15
2023-11-23,0.04953033,22
2023-11-24,0.2591995,18
2023-11-25,-0.27837506,3
2023-11-26,0.32732195,2
2023-11-27,-0.25556636,19
2023-11-28,-0.45267487,26
2023-11-29,-0.18166393,36
2023-11-30,-0.21408388,29
2023-12-01,-0.23716578,26
2023-12-02,-0.54395634,3
2023-12-03,-0.43367338,6
2023-12-04,-0.09355913,46
2023-12-05,-0.20235561,29
2023-12-06,-0.053988695,46
2023-12-07,-0.2646155,32
2023-12-08,-0.26733142,23
2023-12-09,-0.44519567,3
2023-12-10,-0.5754883,1
2023-12-11,-0.24695425,30
2023-12-12,-0.32923874,32
2023-12-13,-0.29240707,28
2023-12-14,-0.37844864,33
2023-12-15,-0.107422836,31
2023-12-16,0.3698034,2
2023-12-17,-0.12928542,5
2023-12-18,-0.23650263,23
2023-12-19,-0.07185816,33
2023-12-20,-0.23440816,28
2023-12-21,-0.13591108,26
2023-12-22,0.048596255,30
2023-12-23,-0.47356096,10
2023-12-24,-0.21502821,5
2023-12-25,-0.55104715,6
2023-12-26,-0.06392997,25
2023-12-27,-0.2143354,39
2023-12-28,-0.0797032,41
2023-12-29,-0.33017245,31
2023-12-30,-0.3466169,6
2023-12-31,-0.37676722,9
2024-01-01,-0.73074245,1
2024-01-02,-0.20774627,37
2024-01-03,-0.14038657,45
2024-01-04,-0.39183536,48
2024-01-05,-0.26051366,46
2024-01-06,-0.14315076,9
2024-01-07,-0.51794165,10
2024-01-08,-0.19345827,57
2024-01-09,-0.19794512,96
2024-01-10,-0.15539326,194
2024-01-11,-0.1500694,230
2024-01-12,-0.23069783,92
2024-01-13,-0.50775576,14
2024-01-14,-0.45643812,9
2024-01-15,-0.15768294,38
2024-01-16,-0.2847592,59
2024-01-17,-0.18737535,58
2024-01-18,-0.14487174,115
2024-01-19,-0.08254063,133
2024-01-20,-0.16769233,22
2024-01-21,-0.18331048,21
2024-01-22,-0.1056695,133
2024-01-23,-0.06760195,102
2024-01-24,-0.15595694,38
2024-01-25,-0.25178254,37
2024-01-26,-0.21398288,38
2024-01-27,-0.6864615,11
2024-01-28,-0.7307142,5
2024-01-29,-0.078534454,42
2024-01-30,-0.30226392,33
2024-01-31,-0.09330567,34
2024-02-01,-0.5022838,34
2024-02-02,-0.15060925,30
2024-02-03,-0.49417233,14
2024-02-04,-0.59061736,3
2024-02-05,-0.30300078,29
2024-02-06,-0.17407262,23
2024-02-07,-0.47802022,44
2024-02-08,-0.21289289,32
2024-02-09,0.0610695,32
2024-02-10,-0.5067319,6
2024-02-11,-0.3443835,10
2024-02-12,0.05984655,37
2024-02-13,-0.19943999,43
2024-02-14,-0.206546,33
2024-02-15,-0.05885217,43
2024-02-16,-0.15798047,35
2024-02-17,-0.41791677,7
2024-02-18,-0.5414517,2
2024-02-19,-0.2215082,22
2024-02-20,-0.2831174,32
2024-02-21,-0.1841835,26
2024-02-22,-0.26574904,38
2024-02-23,-0.24567506,37
2024-02-24,-0.46223724,9
2024-02-25,-0.58043456,2
2024-02-26,-0.2559644,28
2024-02-27,-0.0008331666,65
2024-02-28,-0.052962236,75
2024-02-29,-0.017693406,76
2024-03-01,-0.0562621,57
2024-03-02,-0.2749708,7
2024-03-03,-0.37352327,7
2024-03-04,0.052992575,76
2024-03-05,-0.004778873,82
2024-03-06,-0.07727789,52
2024-03-07,-0.22958449,42
2024-03-08,-0.037959147,48
2024-03-09,-0.70931417,8
2024-03-10,-0.38498947,6
2024-03-11,-0.009151399,50
2024-03-12,-0.2628123,59
2024-03-13,-0.13843295,47
2024-03-14,-0.17558116,41
2024-03-15,-0.1188665,57
2024-03-16,-0.5018664,6
2024-03-17,-0.58145916,7
2024-03-18,0.010029701,33
2024-03-19,-0.24844572,63
2024-03-20,-0.09297279,56
2024-03-21,-0.28648996,39
2024-03-22,-0.05246213,32
2024-03-23,1.8931925e-05,8
2024-03-24,-0.6306963,3
2024-03-25,-0.28785667,54
2024-03-26,-0.13805583,59
2024-03-27,-0.14701454,48
2024-03-28,-0.22288111,59
2024-03-29,-0.3131179,21
2024-03-30,-0.50623405,9
2024-03-31,-0.5829093,7
2024-04-01,-0.31902397,36
2024-04-02,-0.22497298,45
2024-04-03,-0.23594302,36
2024-04-04,-0.15500362,36
2024-04-05,-0.20142585,34
2024-04-06,-0.45469666,5
2024-04-07,-0.4412431,4
2024-04-08,-0.15718266,46
2024-04-09,-0.21204878,38
2024-04-10,-0.23621342,43
2024-04-11,-0.40974516,26
2024-04-12,-0.14218457,35
2024-04-13,-0.40780574,13
2024-04-14,-0.39785755,6
2024-04-15,-0.14868218,51
2024-04-16,-0.10130547,41
2024-04-17,-0.36070532,37
2024-04-18,-0.18281488,33
2024-04-19,-0.28948307,32
2024-04-20,-0.10084792,14
2024-04-21,-0.8550328,4
2024-04-22,-0.08662787,35
2024-04-23,-0.39085615,27
2024-04-24,-0.34139672,31
2024-04-25,-0.3668927,26
2024-04-26,-0.22092122,25
2024-04-27,-0.32197478,8
2024-04-28,-0.4480533,9
2024-04-29,-0.27188855,30
2024-04-30,-0.32831222,38
2024-05-01,-0.23222327,41
2024-05-02,-0.08828017,44
2024-05-03,0.00089872663,44
2024-05-04,-0.2809071,10
2024-05-05,-0.4175922,7
2024-05-06,-0.2966765,35
2024-05-07,-0.2327304,39
2024-05-08,-0.41512764,43
2024-05-09,-0.1275723,35
2024-05-10,-0.0823561,29
2024-05-11,-0.45521224,12
2024-05-12,-0.7104455,9
2024-05-13,-0.13060719,56
2024-05-14,-0.27028328,29
2024-05-15,-0.2764762,40
2024-05-16,0.042962894,45
2024-05-17,-0.21799353,32
2024-05-18,-0.5616861,8
2024-05-19,-0.48389906,5
2024-05-20,-0.09413842,34
2024-05-21,-0.34477708,57
2024-05-22,-0.25372472,37
2024-05-23,-0.26330194,30
2024-05-24,-0.041501924,29
2024-05-25,-0.52709746,7
2024-05-26,-0.30576283,8
2024-05-27,-0.1252615,12
2024-05-28,-0.34330887,31
2024-05-29,-0.2668037,45
2024-05-30,-0.49595234,28
2024-05-31,-0.23452698,29
2024-06-01,-0.042012822,6
2024-06-02,-0.32123536,7
2024-06-03,-0.3075604,22
2024-06-04,0.11906735,48
2024-06-05,-0.13576804,36
2024-06-06,-0.31173262,39
2024-06-07,0.008752153,29
2024-06-08,-0.63421285,8
2024-06-09,-0.5704337,3
2024-06-10,-0.42201355,28
2024-06-11,-0.09394917,47
2024-06-12,-0.2727865,29
2024-06-13,0.08435431,37
2024-06-14,-0.23725976,36
2024-06-15,-0.123380795,8
2024-06-16,-0.81301534,5
2024-06-17,-0.22625622,22
2024-06-18,-0.033913497,27
2024-06-19,-0.092984065,18
2024-06-20,-0.3121407,34
2024-06-21,-0.20038144,24
2024-06-22,-0.405789,5
2024-06-23,-0.76922876,5
2024-06-24,-0.1916645,39
2024-06-25,-0.1654643,31
2024-06-26,-0.26127285,33
2024-06-27,-0.35577008,29
2024-06-28,-0.18612145,22
2024-06-29,0.073560975,3
2024-06-30,-0.26962397,3
2024-07-01,-0.3561656,29
2024-07-02,-0.26089782,27
2024-07-03,-0.34785038,23
2024-07-04,-0.16981593,20
2024-07-05,-0.1742976,53
2024-07-06,-0.25425038,6
2024-07-07,-0.3443806,3
2024-07-08,0.037602693,32
2024-07-09,-0.19339728,37
2024-07-10,-0.18066068,32
2024-07-11,-0.4203267,44
2024-07-12,-0.2298986,19
2024-07-13,-0.040910125,2
2024-07-14,-0.3849674,8
2024-07-15,-0.062462777,48
2024-07-16,0.009805988,66
2024-07-17,-0.039163847,42
2024-07-18,-0.29474124,47
2024-07-19,-0.056763843,38
2024-07-20,-0.52080554,5
2024-07-21,-0.5002224,7
2024-07-22,-0.042885747,46
2024-07-23,-0.14953095,51
2024-07-24,-0.35493323,44
2024-07-25,-0.23252013,34
2024-07-26,-0.18479234,33
2024-07-27,-0.5781144,36
2024-07-28,-0.5181467,7
2024-07-29,0.01858247,52
2024-07-30,-0.42566338,35
2024-07-31,-0.3019799,36
2024-08-01,-0.19498663,56
2024-08-02,-0.46741888,27
2024-08-03,-0.23303334,6
2024-08-04,-0.096071176,8
2024-08-05,-0.15124835,86
2024-08-06,0.004652559,72
2024-08-07,-0.29418364,28
2024-08-08,-0.0134411175,41
2024-08-09,-0.16052534,29
2024-08-10,0.054063242,3
2024-08-11,-0.50140625,3
2024-08-12,-0.30033496,24
2024-08-13,-0.16079445,32
2024-08-14,-0.307483,37
2024-08-15,-0.32266927,33
2024-08-16,-0.23022206,21
2024-08-17,-0.45107427,6
2024-08-18,-0.6091695,4
2024-08-19,-0.37220103,26
2024-08-20,-0.19113816,22
2024-08-21,-0.30878726,37
2024-08-22,-0.24909614,23
2024-08-23,-0.22970666,23
2024-08-24,-0.8510699,3
2024-08-25,-0.3327377,6
2024-08-26,-0.055258267,14
2024-08-27,-0.4241935,9
2024-08-28,-0.31088912,9
2024-08-29,-0.25585124,14
2024-08-30,-0.37070212,18
2024-08-31,-0.4232944,9
2024-09-01,-0.15941949,4
2024-09-02,-0.27987126,27
2024-09-03,-0.111243196,19
2024-09-04,-0.36803374,40
2024-09-05,-0.22944114,27
2024-09-06,-0.17145346,17
2024-09-07,-0.58436507,9
2024-09-08,-0.6607306,4
2024-09-09,-0.09962949,31
2024-09-10,0.077041425,37
2024-09-11,-0.13520198,46
2024-09-12,-0.30642158,31
2024-09-13,-0.29828364,25
2024-09-14,-0.33824554,10
2024-09-15,-0.46156973,9
2024-09-16,-0.105537176,22
2024-09-17,-0.28540045,38
2024-09-18,-0.29071492,34
2024-09-19,-0.051480144,37
2024-09-20,0.02409525,27
2024-09-21,-0.47395957,4
2024-09-22,-0.551237,9
2024-09-23,-0.18595086,29
2024-09-24,-0.19114682,31
2024-09-25,-0.25094232,29
2024-09-26,0.09628274,30
2024-09-27,-0.02865023,40
2024-09-28,-0.37718752,6
2024-09-29,-0.059214767,8
2024-09-30,-0.07045953,31
2024-10-01,-0.16225488,28
2024-10-02,-0.15532869,27
2024-10-03,-0.13756926,29
2024-10-04,-0.18050516,31
2024-10-05,0.250604,4
2024-10-06,-0.51925105,5
2024-10-07,-0.22652401,29
2024-10-08,-0.23113154,26
2024-10-09,-0.12906756,33
2024-10-10,-0.32350296,20
2024-10-11,-0.022692885,14
2024-10-12,-0.03705884,5
2024-10-13,-0.5326674,3
2024-10-14,0.18647328,17
2024-10-15,-0.04198878,10
2024-10-16,-0.3708893,11
2024-10-17,0.009471888,20
2024-10-18,-0.2067556,10
2024-10-19,0.43143922,5
2024-10-20,-0.8182683,3
2024-10-21,-0.14524417,21
2024-10-22,-0.34008202,12
2024-10-23,-0.11251336,19
2024-10-24,0.0498844,26
2024-10-25,-0.5094346,11
2024-10-26,-0.31898382,6
2024-10-27,-0.04930857,2
2024-10-28,0.017181013,27
2024-10-29,0.09365429,30
2024-10-30,-0.13135953,32
2024-10-31,-0.18680802,14
2024-11-01,-0.041050218,19
2024-11-02,-0.18605666,4
2024-11-03,-0.47012058,7
2024-11-04,-0.32491022,20
2024-11-05,-0.30651885,51
2024-11-06,-0.11381949,64
2024-11-07,-0.020865027,56
2024-11-08,-0.007600472,41
2024-11-09,-0.367017,11
2024-11-10,-0.15141085,10
2024-11-11,0.15863557,65
2024-11-12,-0.14211506,58
2024-11-13,-0.25697616,44
2024-11-14,-0.18335296,58
2024-11-15,-0.18564725,42
2024-11-16,-0.65416104,12
2024-11-17,-0.34009495,7
2024-11-18,0.0929252,55
2024-11-19,-0.19031733,50
2024-11-20,0.034353174,53
2024-11-21,-0.0148617085,88
2024-11-22,-0.09741889,52
2024-11-23,-0.5031736,11
2024-11-24,-0.35566083,10
2024-11-25,0.020363249,78
2024-11-26,-0.063889824,67
2024-11-27,-0.08730968,42
2024-11-28,0.111511044,57
2024-11-29,0.25349098,34
2024-11-30,-0.5321517,4
2024-12-01,0.37389827,19
2024-12-02,-0.067369625,60
2024-12-03,-0.19067416,41
2024-12-04,-0.16235578,38
2024-12-05,0.033691254,87
2024-12-06,-0.028829014,47
2024-12-07,-0.3137626,9
2024-12-08,-0.5147652,13
2024-12-09,-0.29139808,57
2024-12-10,-0.31481674,66
2024-12-11,-0.06619069,57
2024-12-12,-0.29608035,46
2024-12-13,-0.17432734,58
2024-12-14,-0.46273938,14
2024-12-15,-0.37025738,15
2024-12-16,0.18011683,71
2024-12-17,-0.2014632,61
2024-12-18,-0.24967307,61
2024-12-19,-0.082361326,71
2024-12-20,-0.081387885,73
2024-12-21,-0.37045223,20
2024-12-22,-0.43712005,6
2024-12-23,-0.059597805,41
2024-12-24,0.020199824,20
2024-12-25,-0.62516654,19
2024-12-26,-0.22298029,37
2024-12-27,-0.3266626,32
2024-12-28,-0.3712835,10
2024-12-29,-0.08737344,6
2024-12-30,-0.26090747,28
2024-12-31,-0.31952336,26
2025-01-01,-0.5846548,13
2025-01-02,-0.117176734,18
2025-01-03,0.015013726,26
2025-01-04,-0.44207233,9
2025-01-05,-0.7483378,3
2025-01-06,-0.12651531,39
2025-01-07,-0.17056862,36
2025-01-08,-0.110463254,43
2025-01-09,-0.3306424,20
2025-01-10,-0.32239196,24
2025-01-11,-0.5687293,6
2025-01-12,-0.5565846,4
2025-01-13,-0.22875619,55
2025-01-14,-0.038507015,42
2025-01-15,-0.24575204,59
2025-01-16,-0.28646463,40
2025-01-17,-0.18833719,66
2025-01-18,-0.31845662,33
2025-01-19,-0.41219318,16
2025-01-20,-0.17488049,60
2025-01-21,-0.2956951,73
2025-01-22,-0.12373771,61
2025-01-23,-0.24724784,50
2025-01-24,-0.48158208,55
2025-01-25,-0.5034691,11
2025-01-26,-0.16480438,5
2025-01-27,-0.27807638,54
2025-01-28,-0.35210705,36
2025-01-29,-0.41919398,49
2025-01-30,-0.045831338,51
2025-01-31,0.11205191,36
2025-02-01,-0.53829515,16
2025-02-02,-0.65435266,7
2025-02-03,-0.25505126,31
2025-02-04,-0.037535656,37
2025-02-05,-0.1749828,35
2025-02-06,-0.27707008,33
2025-02-07,-0.30494496,31
2025-02-08,-0.3087167,14
2025-02-09,-0.46879157,10
2025-02-10,-0.30782804,32
2025-02-11,-0.19831483,39
2025-02-12,-0.29620138,29
2025-02-13,-0.28747964,34
2025-02-14,-0.14179675,43
2025-02-15,-0.19712177,13
2025-02-16,-0.80519253,3
2025-02-17,-0.3602958,23
2025-02-18,-0.39567965,32
2025-02-19,-0.2468319,39
2025-02-20,-0.24912879,20
2025-02-21,-0.26957166,30
2025-02-22,-0.44067523,11
2025-02-23,-0.5301821,8
2025-02-24,-0.25565347,25
2025-02-25,-0.09218518,59
2025-02-26,-0.23482342,43
2025-02-27,-0.18091652,60
2025-02-28,-0.1648643,63
2025-03-01,-0.2988818,24
2025-03-02,-0.21589725,24
2025-03-03,-0.1866574,98
2025-03-04,-0.19278954,68
2025-03-05,-0.16523194,39
2025-03-06,-0.28388357,50
2025-03-07,-0.24906833,83
2025-03-08,-0.35984755,21
2025-03-09,-0.024150785,5
2025-03-10,-0.23356622,57
2025-03-11,-0.23738262,63
2025-03-12,-0.33743203,50
2025-03-13,-0.35434383,43
2025-03-14,-0.1589785,57
2025-03-15,-0.24566811,19
2025-03-16,-0.47374222,4
2025-03-17,-0.18284403,42
2025-03-18,-0.33332893,47
2025-03-19,-0.19068977,53
2025-03-20,-0.076720126,46
2025-03-21,-0.36891168,30
2025-03-22,-0.49971995,8
2025-03-23,-0.17912795,13
2025-03-24,-0.044063326,50
2025-03-25,-0.2835613,66
2025-03-26,-0.29641366,58
2025-03-27,-0.1951097,66
2025-03-28,-0.29521516,48
2025-03-29,0.0084208995,8
2025-03-30,-0.36578098,6
2025-03-31,-0.29394752,50
2025-04-01,-0.21716127,50
2025-04-02,-0.2291556,49
2025-04-03,-0.22671513,51
2025-04-04,-0.07724149,59
2025-04-05,-0.39871097,12
2025-04-06,-0.35539007,14
2025-04-07,-0.19031441,59
2025-04-08,-0.23839813,58
2025-04-09,-0.24083988,65
2025-04-10,-0.22564782,53
2025-04-11,-0.2408955,43
2025-04-12,-0.21540953,16
2025-04-13,-0.071086794,10
2025-04-14,-0.03584144,43
2025-04-15,-0.092773184,45
2025-04-16,-0.17174129,48
2025-04-17,-0.11839557,46
2025-04-18,-0.18825103,26
2025-04-19,-0.4314672,10
2025-04-20,-0.08340912,4
2025-04-21,0.0011236201,46
2025-04-22,0.08277595,72
2025-04-23,-0.18323433,75
2025-04-24,-0.17900373,43
2025-04-25,0.25652882,73
2025-04-26,0.07989472,17
2025-04-27,0.26353934,11
2025-04-28,0.0011872618,38
2025-04-29,-0.043109037,30
2025-04-30,-0.19238557,41
2025-05-01,-0.19291408,49
2025-05-02,0.008898002,30
2025-05-03,-0.10815069,15
2025-05-04,-0.09244089,9
2025-05-05,-0.2110099,35
2025-05-06,-0.30317262,38
2025-05-07,-0.18947472,45
2025-05-08,0.022888519,67
2025-05-09,-0.012846996,70
2025-05-10,-0.14420871,14
2025-05-11,-0.04794282,15
2025-05-12,-0.093766235,63
2025-05-13,-0.2132372,45
2025-05-14,-0.15270633,43
2025-05-15,-0.111215964,45
2025-05-16,-0.020303331,44
2025-05-17,-0.27762595,13
2025-05-18,-0.41797876,14
2025-05-19,0.0024133967,51
2025-05-20,-0.07843052,63
2025-05-21,0.08596829,90
2025-05-22,-0.17301548,106
2025-05-23,-0.16005792,49
2025-05-24,-0.25156206,15
2025-05-25,-0.21059966,12
2025-05-26,-0.25233573,25
2025-05-27,-0.16781013,66
2025-05-28,-0.3034339,78
2025-05-29,-0.2779547,81
2025-05-30,-0.26112595,63
2025-05-31,-0.2310381,22
2025-06-01,0.0016146482,10
2025-06-02,-0.3733881,43
2025-06-03,-0.05891701,29
2025-06-04,-0.77291894,1
